{"type": "FeatureCollection", "features": [{"type": "Feature", "properties": {"h3": "893c9300003ffff", "population": 0, "elderly_frac": 0.1, "hand_min_m": 0.0, "hand_deciles": [0.0, 0.05, 0.41, 0.62, 0.83, 1.09, 1.35, 1.69, 2.35, 3.27, 4.35], "cells": 127}, "geometry": {"type": "Polygon", "coordinates": [[[83.26346073183089, 17.72536517319952], [83.26288250857779, 17.727171530336108], [83.26096245940097, 17.7275438840283], [83.25962066389224, 17.726109901194967], [83.26019889008548, 17.724303564639552], [83.26211890884836, 17.72393119033602], [83.26346073183089, 17.72536517319952]]]}}, {"type": "Feature", "properties": {"h3": "893c9300007ffff", "population": 0, "elderly_frac": 0.1, "hand_min_m": 0.0, "hand_deciles": [0.0, 0.6, 1.2, 1.69, 2.05, 2.54, 2.92, 3.77, 5.47, 6.44, 7.53], "cells": 128}, "geometry": {"type": "Polygon", "coordinates": [[[83.2667226765095, 17.726426748831663], [83.26614445620076, 17.72823312654471], [83.26422435702813, 17.728605506993983], [83.26288250857779, 17.727171530336108], [83.26346073183089, 17.72536517319952], [83.265380800591, 17.724992772144077], [83.2667226765095, 17.726426748831663]]]}}, {"type": "Feature", "properties": {"h3": "893c930000bffff", "population": 0, "elderly_frac": 0.1, "hand_min_m": 0.0, "hand_deciles": [0.0, 0.0, 0.34, 0.73, 1.2, 1.91, 2.56, 3.15, 3.69, 7.78, 8.83], "cells": 102}, "geometry": {"type": "Polygon", "coordinates": [[[83.26269712715599, 17.722124806390326], [83.26211890884836, 17.72393119033602], [83.26019889008548, 17.724303564639552], [83.25885712004494, 17.72286957560933], [83.25943534129166, 17.721063212248353], [83.26135532964085, 17.720690817332617], [83.26269712715599, 17.722124806390326]]]}}, {"type": "Feature", "properties": {"h3": "893c930000fffff", "population": 0, "elderly_frac": 0.1, "hand_min_m": 0.0, "hand_deciles": [0.0, 0.0, 0.56, 0.7, 1.04, 1.16, 1.35, 1.52, 2.03, 2.39, 6.47], "cells": 61}, "geometry": {"type": "Polygon", "coordinates": [[[83.26595901595533, 17.723186367618382], [83.265380800591, 17.724992772144077], [83.26346073183089, 17.72536517319952], [83.26211890884836, 17.72393119033602], [83.26269712715599, 17.722124806390326], [83.26461716550386, 17.72175238472787], [83.26595901595533, 17.723186367618382]]]}}, {"type": "Feature", "properties": {"h3": "893c9300013ffff", "population": 0, "elderly_frac": 0.1, "hand_min_m": 0.0, "hand_deciles": [0.0, 0.0, 0.05, 0.51, 0.71, 0.83, 1.07, 1.55, 1.88, 4.51, 5.65], "cells": 127}, "geometry": {"type": "Polygon", "coordinates": [[[83.26096245940097, 17.7275438840283], [83.26038422826136, 17.729350193767615], [83.258464198675, 17.729722500091526], [83.25712243064493, 17.728288517291492], [83.2577006647215, 17.72648222813453], [83.25962066389224, 17.726109901194967], [83.26096245940097, 17.7275438840283]]]}}, {"type": "Feature", "properties": {"h3": "893c9300017ffff", "population": 0, "elderly_frac": 0.1, "hand_min_m": 0.0, "hand_deciles": [0.0, 1.77, 2.15, 2.57, 2.83, 3.07, 3.32, 3.63, 4.03, 8.5, 9.8], "cells": 128}, "geometry": {"type": "Polygon", "coordinates": [[[83.26422435702813, 17.728605506993983], [83.26364612882969, 17.730411837310943], [83.26172604923869, 17.73078417039266], [83.26038422826136, 17.729350193767615], [83.26096245940097, 17.7275438840283], [83.26288250857779, 17.727171530336108], [83.26422435702813, 17.728605506993983]]]}}, {"type": "Feature", "properties": {"h3": "893c930001bffff", "population": 0, "elderly_frac": 0.1, "hand_min_m": 0.0, "hand_deciles": [0.0, 0.0, 0.43, 0.7, 0.92, 1.19, 1.35, 1.6, 2.08, 2.63, 4.8], "cells": 127}, "geometry": {"type": "Polygon", "coordinates": [[[83.26019889008548, 17.724303564639552], [83.25962066389224, 17.726109901194967], [83.2577006647215, 17.72648222813453], [83.25635892216039, 17.725048239134907], [83.25693715128956, 17.72324192316539], [83.25885712004494, 17.72286957560933], [83.26019889008548, 17.724303564639552]]]}}, {"type": "Feature", "properties": {"h3": "893c9300023ffff", "population": 0, "elderly_frac": 0.1, "hand_min_m": 0.0, "hand_deciles": [0.0, 0.0, 0.43, 0.83, 1.15, 1.4, 1.84, 2.22, 2.65, 2.99, 3.55], "cells": 125}, "geometry": {"type": "Polygon", "coordinates": [[[83.27248310229398, 17.725309391278316], [83.27190489282896, 17.727115836949803], [83.26998472410509, 17.727488291522388], [83.26864279525664, 17.726054321019877], [83.26922100767342, 17.72424789591893], [83.2711411459879, 17.723875420749675], [83.27248310229398, 17.725309391278316]]]}}, {"type": "Feature", "properties": {"h3": "893c9300027ffff", "population": 0, "elderly_frac": 0.1, "hand_min_m": 0.0, "hand_deciles": [0.0, 0.0, 0.09, 0.36, 0.52, 0.61, 0.74, 0.94, 1.14, 1.3, 1.66], "cells": 84}, "geometry": {"type": "Polygon", "coordinates": [[[83.27574529980073, 17.726370853682937], [83.27516709329171, 17.728177319920235], [83.27324687460131, 17.728549801258062], [83.27190489282896, 17.727115836949803], [83.27248310229398, 17.725309391278316], [83.2744032905764, 17.72493688934901], [83.27574529980073, 17.726370853682937]]]}}, {"type": "Feature", "properties": {"h3": "893c930002bffff", "population": 0, "elderly_frac": 0.1, "hand_min_m": 0.0, "hand_deciles": [0.0, 0.45, 0.65, 0.76, 1.01, 1.12, 1.3, 1.4, 1.6, 1.82, 2.55], "cells": 47}, "geometry": {"type": "Polygon", "coordinates": [[[83.27171935051042, 17.722068948269], [83.2711411459879, 17.723875420749675], [83.26922100767342, 17.72424789591893], [83.26787910429162, 17.72281391920475], [83.26845731176486, 17.72100746729817], [83.27037741967021, 17.72063497153139], [83.27171935051042, 17.722068948269]]]}}, {"type": "Feature", "properties": {"h3": "893c930002fffff", "population": 0, "elderly_frac": 0.1, "hand_min_m": 0.0, "hand_deciles": [0.0, 0.0, 0.07, 0.23, 0.38, 0.58, 0.77, 0.86, 1.08, 1.4, 2.41], "cells": 95}, "geometry": {"type": "Polygon", "coordinates": [[[83.27498149214398, 17.72313039629897], [83.2744032905764, 17.72493688934901], [83.27248310229398, 17.725309391278316], [83.2711411459879, 17.723875420749675], [83.27171935051042, 17.722068948269], [83.27363950838514, 17.721696425747343], [83.27498149214398, 17.72313039629897]]]}}, {"type": "Feature", "properties": {"h3": "893c9300033ffff", "population": 0, "elderly_frac": 0.1, "hand_min_m": 0.0, "hand_deciles": [0.0, 0.0, 0.19, 0.46, 0.62, 0.81, 1.14, 1.22, 1.46, 3.02, 6.4], "cells": 111}, "geometry": {"type": "Polygon", "coordinates": [[[83.26998472410509, 17.727488291522388], [83.26940650674491, 17.72929468980715], [83.2674863575867, 17.729667097017966], [83.26614445620076, 17.72823312654471], [83.2667226765095, 17.726426748831663], [83.26864279525664, 17.726054321019877], [83.26998472410509, 17.727488291522388]]]}}, {"type": "Feature", "properties": {"h3": "893c9300037ffff", "population": 0, "elderly_frac": 0.1, "hand_min_m": 0.0, "hand_deciles": [0.0, 0.09, 0.46, 0.58, 0.84, 1.75, 2.63, 2.9, 3.53, 3.7, 4.31], "cells": 40}, "geometry": {"type": "Polygon", "coordinates": [[[83.27324687460131, 17.728549801258062], [83.27266866019396, 17.73035622010982], [83.2707484610604, 17.730728654086597], [83.26940650674491, 17.72929468980715], [83.26998472410509, 17.727488291522388], [83.27190489282896, 17.727115836949803], [83.27324687460131, 17.728549801258062]]]}}, {"type": "Feature", "properties": {"h3": "893c930003bffff", "population": 0, "elderly_frac": 0.1, "hand_min_m": 0.0, "hand_deciles": [0.0, 0.0, 0.29, 0.53, 0.73, 1.07, 1.98, 2.71, 3.57, 4.42, 5.75], "cells": 108}, "geometry": {"type": "Polygon", "coordinates": [[[83.26922100767342, 17.72424789591893], [83.26864279525664, 17.726054321019877], [83.2667226765095, 17.726426748831663], [83.265380800591, 17.724992772144077], [83.26595901595533, 17.723186367618382], [83.26787910429162, 17.72281391920475], [83.26922100767342, 17.72424789591893]]]}}, {"type": "Feature", "properties": {"h3": "893c9300043ffff", "population": 0, "elderly_frac": 0.1, "hand_min_m": 1.67, "hand_deciles": [1.67, 2.52, 3.47, 4.08, 4.68, 5.35, 6.26, 7.65, 9.07, 10.57, 12.46], "cells": 61}, "geometry": {"type": "Polygon", "coordinates": [[[83.25867181301896, 17.717822826876663], [83.25809359671891, 17.71962921703263], [83.25617365837863, 17.720001585206074], [83.25483196675427, 17.718567583841505], [83.25541018598814, 17.71676121427853], [83.2573300939136, 17.71638882548686], [83.25867181301896, 17.717822826876663]]]}}, {"type": "Feature", "properties": {"h3": "893c9300047ffff", "population": 0, "elderly_frac": 0.1, "hand_min_m": 0.0, "hand_deciles": [0.0, 1.24, 2.31, 3.23, 4.34, 4.85, 5.54, 6.2, 7.14, 7.65, 11.19], "cells": 65}, "geometry": {"type": "Polygon", "coordinates": [[[83.26193354300285, 17.71888440658837], [83.26135532964085, 17.720690817332617], [83.25943534129166, 17.721063212248353], [83.25809359671891, 17.71962921703263], [83.25867181301896, 17.717822826876663], [83.26059177095473, 17.71745041134786], [83.26193354300285, 17.71888440658837]]]}}, {"type": "Feature", "properties": {"h3": "893c930004bffff", "population": 0, "elderly_frac": 0.1, "hand_min_m": 0.0, "hand_deciles": [0.0, 0.76, 1.79, 2.49, 3.5, 4.84, 6.24, 7.47, 9.29, 11.12, 14.12], "cells": 127}, "geometry": {"type": "Polygon", "coordinates": [[[83.25790830526681, 17.714582408546423], [83.2573300939136, 17.71638882548686], [83.25541018598814, 17.71676121427853], [83.25406851983153, 17.71532720674862], [83.25464673411756, 17.71352081040473], [83.25656661162841, 17.71314840099395], [83.25790830526681, 17.714582408546423]]]}}, {"type": "Feature", "properties": {"h3": "893c930004fffff", "population": 0, "elderly_frac": 0.1, "hand_min_m": 0.0, "hand_deciles": [0.0, 0.0, 0.0, 0.17, 0.36, 0.56, 0.71, 1.05, 1.26, 1.43, 1.87], "cells": 17}, "geometry": {"type": "Polygon", "coordinates": [[[83.26116997937096, 17.715643973815624], [83.26059177095473, 17.71745041134786], [83.25867181301896, 17.717822826876663], [83.2573300939136, 17.71638882548686], [83.25790830526681, 17.714582408546423], [83.25982823278943, 17.714209972403715], [83.26116997937096, 17.715643973815624]]]}}, {"type": "Feature", "properties": {"h3": "893c9300053ffff", "population": 0, "elderly_frac": 0.1, "hand_min_m": 12.1, "hand_deciles": [12.1, 13.07, 13.75, 14.11, 14.62, 15.14, 15.64, 15.9, 16.28, 17.41, 18.53], "cells": 67}, "geometry": {"type": "Polygon", "coordinates": [[[83.25617365837863, 17.720001585206074], [83.25559543419703, 17.721807927977594], [83.25367551545939, 17.72218024879066], [83.2523338513209, 17.72074624745446], [83.25291207843316, 17.71893992527712], [83.25483196675427, 17.718567583841505], [83.25617365837863, 17.720001585206074]]]}}, {"type": "Feature", "properties": {"h3": "893c9300057ffff", "population": 0, "elderly_frac": 0.1, "hand_min_m": 0.0, "hand_deciles": [0.0, 7.15, 8.41, 9.15, 9.48, 9.62, 10.21, 10.48, 10.97, 11.53, 12.29], "cells": 91}, "geometry": {"type": "Polygon", "coordinates": [[[83.25943534129166, 17.721063212248353], [83.25885712004494, 17.72286957560933], [83.25693715128956, 17.72324192316539], [83.25559543419703, 17.721807927977594], [83.25617365837863, 17.720001585206074], [83.25809359671891, 17.71962921703263], [83.25943534129166, 17.721063212248353]]]}}, {"type": "Feature", "properties": {"h3": "893c930005bffff", "population": 0, "elderly_frac": 0.1, "hand_min_m": 0.0, "hand_deciles": [0.0, 0.84, 2.07, 3.05, 4.19, 5.41, 6.79, 8.67, 9.96, 11.86, 15.29], "cells": 128}, "geometry": {"type": "Polygon", "coordinates": [[[83.25541018598814, 17.71676121427853], [83.25483196675427, 17.718567583841505], [83.25291207843316, 17.71893992527712], [83.25157043976321, 17.71750591777289], [83.25214866192668, 17.71569956880763], [83.25406851983153, 17.71532720674862], [83.25541018598814, 17.71676121427853]]]}}, {"type": "Feature", "properties": {"h3": "893c9300073ffff", "population": 0, "elderly_frac": 0.1, "hand_min_m": 0.0, "hand_deciles": [0.0, 0.0, 0.0, 0.37, 0.87, 1.47, 2.07, 2.86, 3.45, 4.04, 5.0], "cells": 41}, "geometry": {"type": "Polygon", "coordinates": [[[83.26519537592358, 17.719945953400085], [83.26461716550386, 17.72175238472787], [83.26269712715599, 17.722124806390326], [83.26135532964085, 17.720690817332617], [83.26193354300285, 17.71888440658837], [83.26385355093873, 17.718511964318036], [83.26519537592358, 17.719945953400085]]]}}, {"type": "Feature", "properties": {"h3": "893c9300083ffff", "population": 0, "elderly_frac": 0.1, "hand_min_m": 3.32, "hand_deciles": [3.32, 4.66, 5.24, 5.64, 6.19, 6.61, 6.89, 7.59, 8.26, 8.97, 10.83], "cells": 81}, "geometry": {"type": "Polygon", "coordinates": [[[83.25922775315063, 17.732962739014447], [83.25864950917966, 17.734768974514676], [83.25672946877333, 17.735141212846127], [83.2553877027566, 17.73370723629619], [83.2559659496624, 17.73190102137596], [83.25788595965115, 17.731528762425395], [83.25922775315063, 17.732962739014447]]]}}, {"type": "Feature", "properties": {"h3": "893c9300087ffff", "population": 0, "elderly_frac": 0.1, "hand_min_m": 1.05, "hand_deciles": [1.05, 1.43, 1.71, 2.06, 2.23, 2.33, 2.85, 3.18, 3.55, 3.76, 4.58], "cells": 17}, "geometry": {"type": "Polygon", "coordinates": [[[83.2624896595992, 17.734024423710654], [83.26191141856728, 17.735830679786158], [83.25999132814893, 17.736202944881335], [83.25864950917966, 17.734768974514676], [83.25922775315063, 17.732962739014447], [83.26114781315286, 17.732590453305335], [83.2624896595992, 17.734024423710654]]]}}, {"type": "Feature", "properties": {"h3": "893c930008bffff", "population": 0, "elderly_frac": 0.1, "hand_min_m": 0.0, "hand_deciles": [0.0, 1.05, 1.68, 2.34, 3.02, 3.7, 4.07, 4.42, 5.23, 5.97, 7.75], "cells": 127}, "geometry": {"type": "Polygon", "coordinates": [[[83.258464198675, 17.729722500091526], [83.25788595965115, 17.731528762425395], [83.2559659496624, 17.73190102137596], [83.25462420911583, 17.73046703861236], [83.25520245107346, 17.728660796862023], [83.25712243064493, 17.728288517291492], [83.258464198675, 17.729722500091526]]]}}, {"type": "Feature", "properties": {"h3": "893c930008fffff", "population": 0, "elderly_frac": 0.1, "hand_min_m": 0.0, "hand_deciles": [0.0, 0.69, 1.09, 1.39, 1.72, 2.1, 2.37, 2.75, 3.05, 3.65, 4.93], "cells": 127}, "geometry": {"type": "Polygon", "coordinates": [[[83.26172604923869, 17.73078417039266], [83.26114781315286, 17.732590453305335], [83.25922775315063, 17.732962739014447], [83.25788595965115, 17.731528762425395], [83.258464198675, 17.729722500091526], [83.26038422826136, 17.729350193767615], [83.26172604923869, 17.73078417039266]]]}}, {"type": "Feature", "properties": {"h3": "893c9300093ffff", "population": 0, "elderly_frac": 0.1, "hand_min_m": 8.86, "hand_deciles": [8.86, 10.28, 11.35, 12.16, 13.65, 17.19, 19.31, 20.24, 21.19, 22.96, 23.86], "cells": 55}, "geometry": {"type": "Polygon", "coordinates": [[[83.25672946877333, 17.735141212846127], [83.2561512169195, 17.736947400925732], [83.25423119611625, 17.73731959187448], [83.25288945758707, 17.735885615366787], [83.25346771237255, 17.73407944786837], [83.2553877027566, 17.73370723629619], [83.25672946877333, 17.735141212846127]]]}}, {"type": "Feature", "properties": {"h3": "893c930009bffff", "population": 0, "elderly_frac": 0.1, "hand_min_m": 4.88, "hand_deciles": [4.88, 6.41, 7.59, 8.27, 8.68, 9.49, 9.83, 10.4, 11.11, 12.26, 14.79], "cells": 125}, "geometry": {"type": "Polygon", "coordinates": [[[83.2559659496624, 17.73190102137596], [83.2553877027566, 17.73370723629619], [83.25346771237255, 17.73407944786837], [83.25212599931437, 17.732645465144323], [83.25270424915078, 17.730839270808815], [83.25462420911583, 17.73046703861236], [83.2559659496624, 17.73190102137596]]]}}, {"type": "Feature", "properties": {"h3": "893c93000a3ffff", "population": 0, "elderly_frac": 0.1, "hand_min_m": 0.0, "hand_deciles": [0.0, 0.0, 0.76, 1.25, 1.51, 1.99, 2.46, 4.47, 5.27, 5.79, 7.07], "cells": 96}, "geometry": {"type": "Polygon", "coordinates": [[[83.26825005918745, 17.732907412155313], [83.2676718289903, 17.734713736211436], [83.26575166899185, 17.735086075450972], [83.26440976960465, 17.733652111238566], [83.26498800274828, 17.7318458077518], [83.26690813233368, 17.731473447907824], [83.26825005918745, 17.732907412155313]]]}}, {"type": "Feature", "properties": {"h3": "893c93000a7ffff", "population": 0, "elderly_frac": 0.1, "hand_min_m": 0.0, "hand_deciles": [0.0, 0.0, 0.22, 1.0, 1.37, 1.52, 1.71, 2.48, 3.33, 3.97, 4.47], "cells": 42}, "geometry": {"type": "Polygon", "coordinates": [[[83.27151221853998, 17.733968983589598], [83.27093399129349, 17.735775328210355], [83.26901378131232, 17.736147694221778], [83.2676718289903, 17.734713736211436], [83.26825005918745, 17.732907412155313], [83.270170238757, 17.732535025544628], [83.27151221853998, 17.733968983589598]]]}}, {"type": "Feature", "properties": {"h3": "893c93000abffff", "population": 0, "elderly_frac": 0.1, "hand_min_m": 0.0, "hand_deciles": [0.0, 0.38, 1.03, 1.84, 6.25, 6.4, 6.66, 7.1, 7.38, 7.57, 8.43], "cells": 127}, "geometry": {"type": "Polygon", "coordinates": [[[83.2674863575867, 17.729667097017966], [83.26690813233368, 17.731473447907824], [83.26498800274828, 17.7318458077518], [83.26364612882969, 17.730411837310943], [83.26422435702813, 17.728605506993983], [83.26614445620076, 17.72823312654471], [83.2674863575867, 17.729667097017966]]]}}, {"type": "Feature", "properties": {"h3": "893c93000afffff", "population": 0, "elderly_frac": 0.1, "hand_min_m": 0.43, "hand_deciles": [0.43, 3.78, 4.06, 4.19, 4.3, 4.51, 4.77, 5.05, 5.25, 5.47, 6.26], "cells": 82}, "geometry": {"type": "Polygon", "coordinates": [[[83.2707484610604, 17.730728654086597], [83.270170238757, 17.732535025544628], [83.26825005918745, 17.732907412155313], [83.26690813233368, 17.731473447907824], [83.2674863575867, 17.729667097017966], [83.26940650674491, 17.72929468980715], [83.2707484610604, 17.730728654086597]]]}}, {"type": "Feature", "properties": {"h3": "893c93000bbffff", "population": 0, "elderly_frac": 0.1, "hand_min_m": 0.0, "hand_deciles": [0.0, 0.0, 0.2, 0.49, 0.87, 1.04, 1.26, 1.96, 2.52, 8.56, 9.61], "cells": 102}, "geometry": {"type": "Polygon", "coordinates": [[[83.26498800274828, 17.7318458077518], [83.26440976960465, 17.733652111238566], [83.2624896595992, 17.734024423710654], [83.26114781315286, 17.732590453305335], [83.26172604923869, 17.73078417039266], [83.26364612882969, 17.730411837310943], [83.26498800274828, 17.7318458077518]]]}}, {"type": "Feature", "properties": {"h3": "893c93000c3ffff", "population": 0, "elderly_frac": 0.1, "hand_min_m": 0.0, "hand_deciles": [0.0, 0.34, 0.68, 0.98, 1.48, 1.78, 2.09, 2.31, 3.0, 3.66, 4.62], "cells": 127}, "geometry": {"type": "Polygon", "coordinates": [[[83.25443897300597, 17.725420539326265], [83.25386073599665, 17.727226807896145], [83.25194080645035, 17.727599060717765], [83.25059914433285, 17.72616506559523], [83.25117738427068, 17.724358817617162], [83.25309728339855, 17.723986544169538], [83.25443897300597, 17.725420539326265]]]}}, {"type": "Feature", "properties": {"h3": "893c93000c7ffff", "population": 0, "elderly_frac": 0.1, "hand_min_m": 0.0, "hand_deciles": [0.0, 0.0, 0.52, 0.82, 0.98, 1.42, 1.93, 2.27, 2.73, 3.36, 4.61], "cells": 128}, "geometry": {"type": "Polygon", "coordinates": [[[83.2577006647215, 17.72648222813453], [83.25712243064493, 17.728288517291492], [83.25520245107346, 17.728660796862023], [83.25386073599665, 17.727226807896145], [83.25443897300597, 17.725420539326265], [83.25635892216039, 17.725048239134907], [83.2577006647215, 17.72648222813453]]]}}, {"type": "Feature", "properties": {"h3": "893c93000cbffff", "population": 0, "elderly_frac": 0.1, "hand_min_m": 0.0, "hand_deciles": [0.0, 0.69, 1.24, 1.59, 2.21, 3.23, 4.45, 14.56, 15.83, 16.68, 18.78], "cells": 124}, "geometry": {"type": "Polygon", "coordinates": [[[83.25367551545939, 17.72218024879066], [83.25309728339855, 17.723986544169538], [83.25117738427068, 17.724358817617162], [83.24983574762292, 17.722924816312478], [83.25041398261125, 17.721118541528952], [83.2523338513209, 17.72074624745446], [83.25367551545939, 17.72218024879066]]]}}, {"type": "Feature", "properties": {"h3": "893c93000cfffff", "population": 0, "elderly_frac": 0.1, "hand_min_m": 0.0, "hand_deciles": [0.0, 0.0, 0.47, 0.68, 0.99, 1.21, 1.5, 2.24, 12.51, 13.32, 14.48], "cells": 126}, "geometry": {"type": "Polygon", "coordinates": [[[83.25693715128956, 17.72324192316539], [83.25635892216039, 17.725048239134907], [83.25443897300597, 17.725420539326265], [83.25309728339855, 17.723986544169538], [83.25367551545939, 17.72218024879066], [83.25559543419703, 17.721807927977594], [83.25693715128956, 17.72324192316539]]]}}, {"type": "Feature", "properties": {"h3": "893c93000d3ffff", "population": 0, "elderly_frac": 0.1, "hand_min_m": 1.2, "hand_deciles": [1.2, 2.57, 3.19, 3.67, 4.55, 4.89, 5.45, 6.24, 6.61, 7.96, 9.91], "cells": 126}, "geometry": {"type": "Polygon", "coordinates": [[[83.25194080645035, 17.727599060717765], [83.25136256156314, 17.72940528187982], [83.24944265163205, 17.729777487326633], [83.24810101700936, 17.728343492241432], [83.2486792648219, 17.72653729167236], [83.25059914433285, 17.72616506559523], [83.25194080645035, 17.727599060717765]]]}}, {"type": "Feature", "properties": {"h3": "893c93000d7ffff", "population": 0, "elderly_frac": 0.1, "hand_min_m": 2.07, "hand_deciles": [2.07, 3.01, 3.82, 4.5, 5.2, 5.74, 6.32, 6.91, 7.7, 8.87, 10.82], "cells": 127}, "geometry": {"type": "Polygon", "coordinates": [[[83.25520245107346, 17.728660796862023], [83.25462420911583, 17.73046703861236], [83.25270424915078, 17.730839270808815], [83.25136256156314, 17.72940528187982], [83.25194080645035, 17.727599060717765], [83.25386073599665, 17.727226807896145], [83.25520245107346, 17.728660796862023]]]}}, {"type": "Feature", "properties": {"h3": "893c93000dbffff", "population": 0, "elderly_frac": 0.1, "hand_min_m": 0.0, "hand_deciles": [0.0, 0.0, 0.0, 0.56, 0.74, 0.97, 1.28, 1.84, 2.25, 2.75, 3.8], "cells": 126}, "geometry": {"type": "Polygon", "coordinates": [[[83.25117738427068, 17.724358817617162], [83.25059914433285, 17.72616506559523], [83.2486792648219, 17.72653729167236], [83.24733765566972, 17.725103290402327], [83.24791589853187, 17.7232970630208], [83.24983574762292, 17.722924816312478], [83.25117738427068, 17.724358817617162]]]}}, {"type": "Feature", "properties": {"h3": "893c9300153ffff", "population": 0, "elderly_frac": 0.1, "hand_min_m": 0.0, "hand_deciles": [0.0, 0.19, 0.37, 0.4, 0.44, 0.57, 0.71, 0.76, 0.8, 0.83, 0.86], "cells": 6}, "geometry": {"type": "Polygon", "coordinates": [[[83.2790076001774, 17.727432283119178], [83.27842939662857, 17.729238769917554], [83.27650912798192, 17.729611278025065], [83.27516709329171, 17.728177319920235], [83.27574529980073, 17.726370853682937], [83.27766553804084, 17.725998324989124], [83.2790076001774, 17.727432283119178]]]}}, {"type": "Feature", "properties": {"h3": "893c930015bffff", "population": 0, "elderly_frac": 0.1, "hand_min_m": 0.0, "hand_deciles": [0.0, 0.0, 0.0, 0.03, 0.21, 0.31, 0.37, 0.38, 0.53, 0.69, 0.83], "cells": 8}, "geometry": {"type": "Polygon", "coordinates": [[[83.27824373664926, 17.724191811374475], [83.27766553804084, 17.725998324989124], [83.27574529980073, 17.726370853682937], [83.2744032905764, 17.72493688934901], [83.27498149214398, 17.72313039629897], [83.2769016999778, 17.722757847018002], [83.27824373664926, 17.724191811374475]]]}}, {"type": "Feature", "properties": {"h3": "893c93001c3ffff", "population": 0, "elderly_frac": 0.1, "hand_min_m": 0.0, "hand_deciles": [0.0, 0.04, 0.18, 0.25, 0.33, 0.63, 0.74, 0.94, 1.0, 1.06, 1.59], "cells": 20}, "geometry": {"type": "Polygon", "coordinates": [[[83.27727297668814, 17.732851669303408], [83.27669476029666, 17.734658081883605], [83.27477448078955, 17.73503052204104], [83.27343244808343, 17.733596570207762], [83.27401066743298, 17.731790178186287], [83.27593091653159, 17.731417717439086], [83.27727297668814, 17.732851669303408]]]}}, {"type": "Feature", "properties": {"h3": "893c93001cbffff", "population": 0, "elderly_frac": 0.1, "hand_min_m": 1.01, "hand_deciles": [1.01, 1.14, 1.26, 1.39, 1.52, 1.65, 1.75, 1.85, 1.95, 2.05, 2.15], "cells": 3}, "geometry": {"type": "Polygon", "coordinates": [[[83.27650912798192, 17.729611278025065], [83.27593091653159, 17.731417717439086], [83.27401066743298, 17.731790178186287], [83.27266866019396, 17.73035622010982], [83.27324687460131, 17.728549801258062], [83.27516709329171, 17.728177319920235], [83.27650912798192, 17.729611278025065]]]}}, {"type": "Feature", "properties": {"h3": "893c93001dbffff", "population": 0, "elderly_frac": 0.1, "hand_min_m": 1.1, "hand_deciles": [1.1, 1.22, 1.82, 2.0, 2.27, 2.61, 2.84, 2.97, 3.18, 3.29, 3.94], "cells": 45}, "geometry": {"type": "Polygon", "coordinates": [[[83.27401066743298, 17.731790178186287], [83.27343244808343, 17.733596570207762], [83.27151221853998, 17.733968983589598], [83.270170238757, 17.732535025544628], [83.2707484610604, 17.730728654086597], [83.27266866019396, 17.73035622010982], [83.27401066743298, 17.731790178186287]]]}}, {"type": "Feature", "properties": {"h3": "893c9300203ffff", "population": 0, "elderly_frac": 0.1, "hand_min_m": 6.57, "hand_deciles": [6.57, 9.28, 11.18, 12.71, 14.26, 15.64, 17.49, 18.73, 20.67, 22.21, 25.95], "cells": 125}, "geometry": {"type": "Polygon", "coordinates": [[[83.25811593004455, 17.702681913455766], [83.2575377414129, 17.704488458034493], [83.25561790512819, 17.70486095602411], [83.25427628788826, 17.70342693005206], [83.25485447945272, 17.70162040607932], [83.25677428532533, 17.70124788747236], [83.25811593004455, 17.702681913455766]]]}}, {"type": "Feature", "properties": {"h3": "893c9300207ffff", "population": 0, "elderly_frac": 0.1, "hand_min_m": 0.0, "hand_deciles": [0.0, 0.72, 1.41, 2.21, 2.73, 3.54, 4.71, 5.55, 7.0, 8.58, 12.98], "cells": 127}, "geometry": {"type": "Polygon", "coordinates": [[[83.26137748358221, 17.703743388001687], [83.2607992978876, 17.705549953181688], [83.25887941159709, 17.705922477892138], [83.2575377414129, 17.704488458034493], [83.25811593004455, 17.702681913455766], [83.26003578592437, 17.70230936813314], [83.26137748358221, 17.703743388001687]]]}}, {"type": "Feature", "properties": {"h3": "893c930020bffff", "population": 0, "elderly_frac": 0.1, "hand_min_m": 16.73, "hand_deciles": [16.73, 18.93, 20.42, 21.8, 23.17, 24.76, 26.25, 27.92, 29.43, 31.42, 34.82], "cells": 127}, "geometry": {"type": "Polygon", "coordinates": [[[83.25735246901046, 17.699441316158385], [83.25677428532533, 17.70124788747236], [83.25485447945272, 17.70162040607932], [83.25351288767814, 17.70018637399024], [83.25409107429505, 17.698379823285794], [83.2560108497558, 17.698007284060633], [83.25735246901046, 17.699441316158385]]]}}, {"type": "Feature", "properties": {"h3": "893c930020fffff", "population": 0, "elderly_frac": 0.1, "hand_min_m": 0.78, "hand_deciles": [0.78, 5.29, 6.46, 7.08, 8.01, 9.13, 10.22, 11.86, 13.24, 15.03, 18.21], "cells": 127}, "geometry": {"type": "Polygon", "coordinates": [[[83.26061396667349, 17.700502776214346], [83.26003578592437, 17.70230936813314], [83.25811593004455, 17.702681913455766], [83.25677428532533, 17.70124788747236], [83.25735246901046, 17.699441316158385], [83.25927229447984, 17.699068750222736], [83.26061396667349, 17.700502776214346]]]}}, {"type": "Feature", "properties": {"h3": "893c9300213ffff", "population": 0, "elderly_frac": 0.1, "hand_min_m": 18.5, "hand_deciles": [18.5, 23.84, 25.52, 27.06, 28.33, 29.35, 31.21, 32.14, 34.19, 36.47, 41.73], "cells": 124}, "geometry": {"type": "Polygon", "coordinates": [[[83.25561790512819, 17.70486095602411], [83.25503970861631, 17.706667453254603], [83.25311989193384, 17.707039903906136], [83.25177830217804, 17.70560587794858], [83.25235650161957, 17.703799401325274], [83.25427628788826, 17.70342693005206], [83.25561790512819, 17.70486095602411]]]}}, {"type": "Feature", "properties": {"h3": "893c9300217ffff", "population": 0, "elderly_frac": 0.1, "hand_min_m": 6.22, "hand_deciles": [6.22, 9.41, 11.22, 12.3, 13.52, 15.01, 16.13, 17.28, 18.99, 21.49, 24.86], "cells": 126}, "geometry": {"type": "Polygon", "coordinates": [[[83.25887941159709, 17.705922477892138], [83.25830121801908, 17.707728995725077], [83.25638135132199, 17.708101473098196], [83.25503970861631, 17.706667453254603], [83.25561790512819, 17.70486095602411], [83.2575377414129, 17.704488458034493], [83.25887941159709, 17.705922477892138]]]}}, {"type": "Feature", "properties": {"h3": "893c930021bffff", "population": 0, "elderly_frac": 0.1, "hand_min_m": 23.07, "hand_deciles": [23.07, 26.15, 27.69, 29.69, 31.49, 33.11, 34.74, 35.88, 36.86, 38.1, 43.91], "cells": 125}, "geometry": {"type": "Polygon", "coordinates": [[[83.25485447945272, 17.70162040607932], [83.25427628788826, 17.70342693005206], [83.25235650161957, 17.703799401325274], [83.25101493732993, 17.702365369247985], [83.251593131823, 17.700558865885977], [83.25351288767814, 17.70018637399024], [83.25485447945272, 17.70162040607932]]]}}, {"type": "Feature", "properties": {"h3": "893c9300223ffff", "population": 0, "elderly_frac": 0.1, "hand_min_m": 0.0, "hand_deciles": [0.0, 0.0, 0.29, 0.61, 0.87, 1.18, 1.66, 4.19, 4.82, 5.46, 6.49], "cells": 127}, "geometry": {"type": "Polygon", "coordinates": [[[83.26713727077744, 17.70262559782198], [83.26655909591297, 17.7044322309362], [83.26463914004943, 17.70480482970348], [83.263297389459, 17.703370815958955], [83.26387556726792, 17.70156420344009], [83.26579549272385, 17.701191584070127], [83.26713727077744, 17.70262559782198]]]}}, {"type": "Feature", "properties": {"h3": "893c9300227ffff", "population": 0, "elderly_frac": 0.1, "hand_min_m": 0.12, "hand_deciles": [0.12, 1.37, 2.16, 2.44, 2.78, 3.08, 3.31, 3.5, 3.67, 3.86, 4.31], "cells": 111}, "geometry": {"type": "Polygon", "coordinates": [[[83.27039907718577, 17.70368695934642], [83.26982090526997, 17.705493613051253], [83.26790089942995, 17.70586623854754], [83.26655909591297, 17.7044322309362], [83.26713727077744, 17.70262559782198], [83.26905724621128, 17.7022529517282], [83.27039907718577, 17.70368695934642]]]}}, {"type": "Feature", "properties": {"h3": "893c930022bffff", "population": 0, "elderly_frac": 0.1, "hand_min_m": 0.0, "hand_deciles": [0.0, 0.0, 0.21, 0.43, 0.66, 0.8, 0.99, 1.3, 1.51, 1.84, 5.59], "cells": 127}, "geometry": {"type": "Polygon", "coordinates": [[[83.2663736626448, 17.699384924220585], [83.26579549272385, 17.701191584070127], [83.26387556726792, 17.70156420344009], [83.26253384214128, 17.700130183563758], [83.26311201500562, 17.698323544313123], [83.26503191005423, 17.697950904339624], [83.2663736626448, 17.699384924220585]]]}}, {"type": "Feature", "properties": {"h3": "893c930022fffff", "population": 0, "elderly_frac": 0.1, "hand_min_m": 0.0, "hand_deciles": [0.0, 0.0, 0.0, 0.13, 0.44, 0.66, 0.75, 0.85, 1.04, 1.29, 1.88], "cells": 127}, "geometry": {"type": "Polygon", "coordinates": [[[83.2696354131846, 17.700446271284495], [83.26905724621128, 17.7022529517282], [83.26713727077744, 17.70262559782198], [83.26579549272385, 17.701191584070127], [83.2663736626448, 17.699384924220585], [83.26829360767273, 17.69901225752845], [83.2696354131846, 17.700446271284495]]]}}, {"type": "Feature", "properties": {"h3": "893c9300233ffff", "population": 0, "elderly_frac": 0.1, "hand_min_m": 0.0, "hand_deciles": [0.0, 0.23, 0.91, 1.4, 2.37, 3.05, 3.8, 4.53, 5.2, 6.1, 7.79], "cells": 128}, "geometry": {"type": "Polygon", "coordinates": [[[83.26463914004943, 17.70480482970348], [83.2640609572961, 17.706611415480026], [83.26214102101002, 17.706983966915768], [83.2607992978876, 17.705549953181688], [83.26137748358221, 17.703743388001687], [83.263297389459, 17.703370815958955], [83.26463914004943, 17.70480482970348]]]}}, {"type": "Feature", "properties": {"h3": "893c9300237ffff", "population": 0, "elderly_frac": 0.1, "hand_min_m": 0.0, "hand_deciles": [0.0, 0.0, 0.0, 0.52, 0.65, 0.88, 1.11, 1.46, 2.3, 3.95, 6.17], "cells": 127}, "geometry": {"type": "Polygon", "coordinates": [[[83.26790089942995, 17.70586623854754], [83.2673227196221, 17.70767284491588], [83.26540273335073, 17.708045423081337], [83.2640609572961, 17.706611415480026], [83.26463914004943, 17.70480482970348], [83.26655909591297, 17.7044322309362], [83.26790089942995, 17.70586623854754]]]}}, {"type": "Feature", "properties": {"h3": "893c930023bffff", "population": 0, "elderly_frac": 0.1, "hand_min_m": 0.0, "hand_deciles": [0.0, 0.54, 0.99, 1.29, 1.65, 2.08, 2.53, 3.0, 3.53, 4.52, 5.42], "cells": 126}, "geometry": {"type": "Polygon", "coordinates": [[[83.26387556726792, 17.70156420344009], [83.263297389459, 17.703370815958955], [83.26137748358221, 17.703743388001687], [83.26003578592437, 17.70230936813314], [83.26061396667349, 17.700502776214346], [83.26253384214128, 17.700130183563758], [83.26387556726792, 17.70156420344009]]]}}, {"type": "Feature", "properties": {"h3": "893c9300243ffff", "population": 0, "elderly_frac": 0.1, "hand_min_m": 18.91, "hand_deciles": [18.91, 25.02, 29.59, 31.21, 33.01, 33.93, 35.32, 36.9, 38.76, 40.57, 43.42], "cells": 127}, "geometry": {"type": "Polygon", "coordinates": [[[83.2533276896546, 17.695139207665495], [83.2527495079854, 17.69694578509108], [83.25082978254353, 17.697318297610206], [83.24948826918491, 17.695884253327705], [83.25006645378062, 17.694077696519926], [83.25198614880945, 17.693705163376578], [83.2533276896546, 17.695139207665495]]]}}, {"type": "Feature", "properties": {"h3": "893c9300247ffff", "population": 0, "elderly_frac": 0.1, "hand_min_m": 10.9, "hand_deciles": [10.9, 13.9, 15.93, 18.39, 20.5, 22.1, 23.82, 25.44, 26.89, 28.99, 34.39], "cells": 128}, "geometry": {"type": "Polygon", "coordinates": [[[83.25658902849426, 17.696200686021978], [83.2560108497558, 17.698007284060633], [83.25409107429505, 17.698379823285794], [83.2527495079854, 17.69694578509108], [83.2533276896546, 17.695139207665495], [83.25524743470373, 17.694766647821275], [83.25658902849426, 17.696200686021978]]]}}, {"type": "Feature", "properties": {"h3": "893c930024bffff", "population": 0, "elderly_frac": 0.1, "hand_min_m": 10.0, "hand_deciles": [10.0, 12.0, 12.98, 14.09, 15.08, 15.98, 16.74, 17.73, 18.62, 19.64, 26.45], "cells": 123}, "geometry": {"type": "Polygon", "coordinates": [[[83.2525643255308, 17.691898559240403], [83.25198614880945, 17.693705163376578], [83.25006645378062, 17.694077696519926], [83.24872496588691, 17.69264364615193], [83.24930314553372, 17.690837062637108], [83.2512228101498, 17.69046450886866], [83.2525643255308, 17.691898559240403]]]}}, {"type": "Feature", "properties": {"h3": "893c930024fffff", "population": 0, "elderly_frac": 0.1, "hand_min_m": 6.82, "hand_deciles": [6.82, 11.57, 13.91, 16.29, 18.41, 19.74, 21.62, 22.92, 24.69, 26.69, 30.01], "cells": 126}, "geometry": {"type": "Polygon", "coordinates": [[[83.2558256084954, 17.692960023068462], [83.25524743470373, 17.694766647821275], [83.2533276896546, 17.695139207665495], [83.25198614880945, 17.693705163376578], [83.2525643255308, 17.691898559240403], [83.25448404016862, 17.691525978776248], [83.2558256084954, 17.692960023068462]]]}}, {"type": "Feature", "properties": {"h3": "893c9300253ffff", "population": 0, "elderly_frac": 0.1, "hand_min_m": 18.84, "hand_deciles": [18.84, 20.33, 21.11, 21.64, 22.44, 37.61, 43.31, 44.34, 46.02, 47.11, 48.45], "cells": 95}, "geometry": {"type": "Polygon", "coordinates": [[[83.25082978254353, 17.697318297610206], [83.25025159299906, 17.699124827700366], [83.24833188717162, 17.699497292889326], [83.24699040130437, 17.698063248616386], [83.24756859377214, 17.696256739145195], [83.24948826918491, 17.695884253327705], [83.25082978254353, 17.697318297610206]]]}}, {"type": "Feature", "properties": {"h3": "893c9300257ffff", "population": 0, "elderly_frac": 0.1, "hand_min_m": 25.79, "hand_deciles": [25.79, 30.51, 32.76, 34.56, 35.9, 37.67, 38.94, 40.91, 42.94, 44.4, 46.78], "cells": 127}, "geometry": {"type": "Polygon", "coordinates": [[[83.25409107429505, 17.698379823285794], [83.25351288767814, 17.70018637399024], [83.251593131823, 17.700558865885977], [83.25025159299906, 17.699124827700366], [83.25082978254353, 17.697318297610206], [83.2527495079854, 17.69694578509108], [83.25409107429505, 17.698379823285794]]]}}, {"type": "Feature", "properties": {"h3": "893c930025bffff", "population": 0, "elderly_frac": 0.1, "hand_min_m": 19.7, "hand_deciles": [19.7, 20.71, 21.08, 21.38, 21.98, 22.21, 22.81, 23.04, 23.88, 24.46, 34.01], "cells": 27}, "geometry": {"type": "Polygon", "coordinates": [[[83.25006645378062, 17.694077696519926], [83.24948826918491, 17.695884253327705], [83.24756859377214, 17.696256739145195], [83.2462271333706, 17.694822688784072], [83.2468053208886, 17.693016152598844], [83.24872496588691, 17.69264364615193], [83.25006645378062, 17.694077696519926]]]}}, {"type": "Feature", "properties": {"h3": "893c9300263ffff", "population": 0, "elderly_frac": 0.1, "hand_min_m": 0.0, "hand_deciles": [0.0, 0.53, 1.39, 2.2, 3.38, 4.46, 4.97, 6.04, 6.89, 8.29, 11.82], "cells": 127}, "geometry": {"type": "Polygon", "coordinates": [[[83.262348483262, 17.695082852344523], [83.26177031534237, 17.696889518316418], [83.25985047028334, 17.6972621315757], [83.25850882355346, 17.695828099472426], [83.25908699441119, 17.694021454107723], [83.26100680906174, 17.69364882023886], [83.262348483262, 17.695082852344523]]]}}, {"type": "Feature", "properties": {"h3": "893c9300267ffff", "population": 0, "elderly_frac": 0.1, "hand_min_m": 0.0, "hand_deciles": [0.0, 0.0, 0.54, 0.85, 1.14, 1.45, 1.68, 2.23, 3.1, 3.8, 5.93], "cells": 128}, "geometry": {"type": "Polygon", "coordinates": [[[83.26561007503149, 17.69614421776531], [83.26503191005423, 17.697950904339624], [83.26311201500562, 17.698323544313123], [83.26177031534237, 17.696889518316418], [83.262348483262, 17.695082852344523], [83.26426834790354, 17.694710191766656], [83.26561007503149, 17.69614421776531]]]}}, {"type": "Feature", "properties": {"h3": "893c930026bffff", "population": 0, "elderly_frac": 0.1, "hand_min_m": 0.0, "hand_deciles": [0.0, 1.49, 2.47, 3.16, 3.78, 4.21, 4.86, 5.44, 6.17, 7.43, 9.71], "cells": 124}, "geometry": {"type": "Polygon", "coordinates": [[[83.26158497203649, 17.69184212755631], [83.26100680906174, 17.69364882023886], [83.25908699441119, 17.694021454107723], [83.25774537314467, 17.692587415904185], [83.25832353905649, 17.690780743832352], [83.26024332329882, 17.69040808935309], [83.26158497203649, 17.69184212755631]]]}}, {"type": "Feature", "properties": {"h3": "893c930026fffff", "population": 0, "elderly_frac": 0.1, "hand_min_m": 0.0, "hand_deciles": [0.0, 0.0, 0.74, 1.01, 1.26, 1.62, 2.23, 2.68, 3.4, 3.86, 5.24], "cells": 128}, "geometry": {"type": "Polygon", "coordinates": [[[83.264846507937, 17.69290347847813], [83.26426834790354, 17.694710191766656], [83.262348483262, 17.695082852344523], [83.26100680906174, 17.69364882023886], [83.26158497203649, 17.69184212755631], [83.26350480627123, 17.691469446373198], [83.264846507937, 17.69290347847813]]]}}, {"type": "Feature", "properties": {"h3": "893c9300273ffff", "population": 0, "elderly_frac": 0.1, "hand_min_m": 1.98, "hand_deciles": [1.98, 5.04, 7.03, 8.53, 9.61, 10.59, 11.52, 13.09, 14.95, 16.99, 19.82], "cells": 127}, "geometry": {"type": "Polygon", "coordinates": [[[83.25985047028334, 17.6972621315757], [83.25927229447984, 17.699068750222736], [83.25735246901046, 17.699441316158385], [83.2560108497558, 17.698007284060633], [83.25658902849426, 17.696200686021978], [83.25850882355346, 17.695828099472426], [83.25985047028334, 17.6972621315757]]]}}, {"type": "Feature", "properties": {"h3": "893c9300277ffff", "population": 0, "elderly_frac": 0.1, "hand_min_m": 1.66, "hand_deciles": [1.66, 2.17, 2.69, 3.25, 3.71, 4.28, 4.77, 5.45, 6.28, 7.51, 9.53], "cells": 128}, "geometry": {"type": "Polygon", "coordinates": [[[83.26311201500562, 17.698323544313123], [83.26253384214128, 17.700130183563758], [83.26061396667349, 17.700502776214346], [83.25927229447984, 17.699068750222736], [83.25985047028334, 17.6972621315757], [83.26177031534237, 17.696889518316418], [83.26311201500562, 17.698323544313123]]]}}, {"type": "Feature", "properties": {"h3": "893c930027bffff", "population": 0, "elderly_frac": 0.1, "hand_min_m": 2.85, "hand_deciles": [2.85, 6.58, 8.23, 9.32, 10.21, 11.48, 12.68, 13.92, 15.36, 17.1, 19.89], "cells": 127}, "geometry": {"type": "Polygon", "coordinates": [[[83.25908699441119, 17.694021454107723], [83.25850882355346, 17.695828099472426], [83.25658902849426, 17.696200686021978], [83.25524743470373, 17.694766647821275], [83.2558256084954, 17.692960023068462], [83.25774537314467, 17.692587415904185], [83.25908699441119, 17.694021454107723]]]}}, {"type": "Feature", "properties": {"h3": "893c9300283ffff", "population": 0, "elderly_frac": 0.1, "hand_min_m": 20.63, "hand_deciles": [20.63, 26.67, 29.63, 31.52, 33.1, 35.08, 36.97, 39.03, 40.72, 42.38, 44.12], "cells": 129}, "geometry": {"type": "Polygon", "coordinates": [[[83.2538833027663, 17.710280373606604], [83.2533050934283, 17.712086796720858], [83.25138526593945, 17.712459179404142], [83.25004367820537, 17.71102515959804], [83.25062189047087, 17.709218757088607], [83.25254168754398, 17.708846353780196], [83.2538833027663, 17.710280373606604]]]}}, {"type": "Feature", "properties": {"h3": "893c9300287ffff", "population": 0, "elderly_frac": 0.1, "hand_min_m": 13.64, "hand_deciles": [13.64, 15.86, 18.11, 19.29, 21.23, 22.57, 24.13, 25.56, 26.81, 28.93, 32.04], "cells": 121}, "geometry": {"type": "Polygon", "coordinates": [[[83.25714481803467, 17.711341957279625], [83.25656661162841, 17.71314840099395], [83.25464673411756, 17.71352081040473], [83.2533050934283, 17.712086796720858], [83.2538833027663, 17.710280373606604], [83.25580314986284, 17.709907943575885], [83.25714481803467, 17.711341957279625]]]}}, {"type": "Feature", "properties": {"h3": "893c930028bffff", "population": 0, "elderly_frac": 0.1, "hand_min_m": 30.18, "hand_deciles": [30.18, 33.41, 36.59, 38.24, 40.45, 43.57, 46.22, 47.84, 49.6, 51.25, 54.75], "cells": 126}, "geometry": {"type": "Polygon", "coordinates": [[[83.25311989193384, 17.707039903906136], [83.25254168754398, 17.708846353780196], [83.25062189047087, 17.709218757088607], [83.24928032820411, 17.707784731148692], [83.2498585355204, 17.705978301882993], [83.25177830217804, 17.70560587794858], [83.25311989193384, 17.707039903906136]]]}}, {"type": "Feature", "properties": {"h3": "893c930028fffff", "population": 0, "elderly_frac": 0.1, "hand_min_m": 13.32, "hand_deciles": [13.32, 17.15, 19.22, 20.75, 22.57, 24.45, 26.54, 28.96, 32.64, 36.55, 41.54], "cells": 97}, "geometry": {"type": "Polygon", "coordinates": [[[83.25638135132199, 17.708101473098196], [83.25580314986284, 17.709907943575885], [83.2538833027663, 17.710280373606604], [83.25254168754398, 17.708846353780196], [83.25311989193384, 17.707039903906136], [83.25503970861631, 17.706667453254603], [83.25638135132199, 17.708101473098196]]]}}, {"type": "Feature", "properties": {"h3": "893c9300293ffff", "population": 0, "elderly_frac": 0.1, "hand_min_m": 1.42, "hand_deciles": [1.42, 5.28, 6.63, 8.01, 10.19, 13.02, 15.74, 18.07, 21.37, 25.44, 30.43], "cells": 127}, "geometry": {"type": "Polygon", "coordinates": [[[83.25138526593945, 17.712459179404142], [83.25080704872488, 17.714265555146756], [83.24888724085085, 17.714637890477558], [83.24754568060983, 17.71320387069491], [83.24812390074875, 17.71139751555829], [83.25004367820537, 17.71102515959804], [83.25138526593945, 17.712459179404142]]]}}, {"type": "Feature", "properties": {"h3": "893c9300297ffff", "population": 0, "elderly_frac": 0.1, "hand_min_m": 2.42, "hand_deciles": [2.42, 5.44, 7.35, 8.88, 10.68, 12.45, 14.13, 16.17, 17.84, 21.33, 26.63], "cells": 127}, "geometry": {"type": "Polygon", "coordinates": [[[83.25464673411756, 17.71352081040473], [83.25406851983153, 17.71532720674862], [83.25214866192668, 17.71569956880763], [83.25080704872488, 17.714265555146756], [83.25138526593945, 17.712459179404142], [83.2533050934283, 17.712086796720858], [83.25464673411756, 17.71352081040473]]]}}, {"type": "Feature", "properties": {"h3": "893c930029bffff", "population": 0, "elderly_frac": 0.1, "hand_min_m": 17.27, "hand_deciles": [17.27, 20.07, 22.31, 24.12, 25.66, 26.77, 28.48, 33.21, 36.91, 40.88, 50.18], "cells": 128}, "geometry": {"type": "Polygon", "coordinates": [[[83.25062189047087, 17.709218757088607], [83.25004367820537, 17.71102515959804], [83.24812390074875, 17.71139751555829], [83.24678236597585, 17.70996348963913], [83.24736058116467, 17.70815710773924], [83.24928032820411, 17.707784731148692], [83.25062189047087, 17.709218757088607]]]}}, {"type": "Feature", "properties": {"h3": "893c93002a3ffff", "population": 0, "elderly_frac": 0.1, "hand_min_m": 5.98, "hand_deciles": [5.98, 6.08, 6.17, 6.26, 6.36, 6.45, 6.54, 6.64, 6.73, 6.82, 6.91], "cells": 2}, "geometry": {"type": "Polygon", "coordinates": [[[83.26290457895752, 17.710224512934595], [83.26232638337243, 17.712031024605352], [83.26040643625974, 17.712403508094027], [83.2590647151444, 17.71096950052214], [83.25964291366864, 17.70916300944555], [83.2615628303701, 17.708790505346414], [83.26290457895752, 17.710224512934595]]]}}, {"type": "Feature", "properties": {"h3": "893c93002a7ffff", "population": 0, "elderly_frac": 0.1, "hand_min_m": 0.0, "hand_deciles": [0.0, 0.0, 0.0, 0.15, 0.75, 1.27, 1.45, 1.6, 2.13, 2.28, 3.3], "cells": 23}, "geometry": {"type": "Polygon", "coordinates": [[[83.26616634717237, 17.711285983551704], [83.26558815453063, 17.713092515811912], [83.26366815742524, 17.713465026036236], [83.26232638337243, 17.712031024605352], [83.26290457895752, 17.710224512934595], [83.26482454565313, 17.709851982104997], [83.26616634717237, 17.711285983551704]]]}}, {"type": "Feature", "properties": {"h3": "893c93002abffff", "population": 0, "elderly_frac": 0.1, "hand_min_m": 0.0, "hand_deciles": [0.0, 1.12, 2.29, 3.22, 3.88, 4.8, 6.06, 7.01, 8.05, 9.15, 12.17], "cells": 124}, "geometry": {"type": "Polygon", "coordinates": [[[83.26214102101002, 17.706983966915768], [83.2615628303701, 17.708790505346414], [83.25964291366864, 17.70916300944555], [83.25830121801908, 17.707728995725077], [83.25887941159709, 17.705922477892138], [83.2607992978876, 17.705549953181688], [83.26214102101002, 17.706983966915768]]]}}, {"type": "Feature", "properties": {"h3": "893c93002afffff", "population": 0, "elderly_frac": 0.1, "hand_min_m": 0.0, "hand_deciles": [0.0, 0.0, 0.09, 0.58, 0.72, 0.93, 1.27, 1.54, 1.97, 3.72, 5.49], "cells": 113}, "geometry": {"type": "Polygon", "coordinates": [[[83.26540273335073, 17.708045423081337], [83.26482454565313, 17.709851982104997], [83.26290457895752, 17.710224512934595], [83.2615628303701, 17.708790505346414], [83.26214102101002, 17.706983966915768], [83.2640609572961, 17.706611415480026], [83.26540273335073, 17.708045423081337]]]}}, {"type": "Feature", "properties": {"h3": "893c93002b3ffff", "population": 0, "elderly_frac": 0.1, "hand_min_m": 3.41, "hand_deciles": [3.41, 5.18, 6.69, 8.38, 9.65, 10.64, 11.86, 12.7, 14.28, 15.08, 17.57], "cells": 35}, "geometry": {"type": "Polygon", "coordinates": [[[83.26040643625974, 17.712403508094027], [83.25982823278943, 17.714209972403715], [83.25790830526681, 17.714582408546423], [83.25656661162841, 17.71314840099395], [83.25714481803467, 17.711341957279625], [83.2590647151444, 17.71096950052214], [83.26040643625974, 17.712403508094027]]]}}, {"type": "Feature", "properties": {"h3": "893c93002bbffff", "population": 0, "elderly_frac": 0.1, "hand_min_m": 5.0, "hand_deciles": [5.0, 5.87, 6.84, 7.81, 8.84, 9.94, 10.3, 11.36, 11.84, 12.99, 13.87], "cells": 33}, "geometry": {"type": "Polygon", "coordinates": [[[83.25964291366864, 17.70916300944555], [83.2590647151444, 17.71096950052214], [83.25714481803467, 17.711341957279625], [83.25580314986284, 17.709907943575885], [83.25638135132199, 17.708101473098196], [83.25830121801908, 17.707728995725077], [83.25964291366864, 17.70916300944555]]]}}, {"type": "Feature", "properties": {"h3": "893c93002c3ffff", "population": 0, "elderly_frac": 0.1, "hand_min_m": 13.16, "hand_deciles": [13.16, 16.08, 17.77, 18.93, 19.78, 20.73, 27.82, 29.33, 30.52, 31.45, 44.09], "cells": 125}, "geometry": {"type": "Polygon", "coordinates": [[[83.24909520108751, 17.702737813809236], [83.24851699872056, 17.704544269820644], [83.24659728209802, 17.70491666704237], [83.2452557982601, 17.70348262888441], [83.24583400354827, 17.701676193489625], [83.24775368975416, 17.701303775635896], [83.24909520108751, 17.702737813809236]]]}}, {"type": "Feature", "properties": {"h3": "893c93002c7ffff", "population": 0, "elderly_frac": 0.1, "hand_min_m": 33.55, "hand_deciles": [33.55, 37.74, 39.51, 40.84, 41.73, 42.49, 42.91, 43.28, 43.66, 44.52, 57.1], "cells": 124}, "geometry": {"type": "Polygon", "coordinates": [[[83.25235650161957, 17.703799401325274], [83.25177830217804, 17.70560587794858], [83.2498585355204, 17.705978301882993], [83.24851699872056, 17.704544269820644], [83.24909520108751, 17.702737813809236], [83.25101493732993, 17.702365369247985], [83.25235650161957, 17.703799401325274]]]}}, {"type": "Feature", "properties": {"h3": "893c93002cbffff", "population": 0, "elderly_frac": 0.1, "hand_min_m": 13.28, "hand_deciles": [13.28, 15.02, 15.85, 16.9, 17.54, 18.56, 19.05, 19.79, 20.62, 21.21, 22.07], "cells": 125}, "geometry": {"type": "Polygon", "coordinates": [[[83.24833188717162, 17.699497292889326], [83.24775368975416, 17.701303775635896], [83.24583400354827, 17.701676193489625], [83.24449254517722, 17.70024214922939], [83.24507074551484, 17.698435687103], [83.24699040130437, 17.698063248616386], [83.24833188717162, 17.699497292889326]]]}}, {"type": "Feature", "properties": {"h3": "893c93002cfffff", "population": 0, "elderly_frac": 0.1, "hand_min_m": 20.38, "hand_deciles": [20.38, 22.0, 22.55, 40.59, 41.95, 43.47, 44.1, 48.16, 48.84, 49.81, 51.24], "cells": 126}, "geometry": {"type": "Polygon", "coordinates": [[[83.251593131823, 17.700558865885977], [83.25101493732993, 17.702365369247985], [83.24909520108751, 17.702737813809236], [83.24775368975416, 17.701303775635896], [83.24833188717162, 17.699497292889326], [83.25025159299906, 17.699124827700366], [83.251593131823, 17.700558865885977]]]}}, {"type": "Feature", "properties": {"h3": "893c93002d3ffff", "population": 0, "elderly_frac": 0.1, "hand_min_m": 13.8, "hand_deciles": [13.8, 17.98, 20.02, 21.37, 22.0, 23.18, 23.92, 25.13, 26.4, 27.59, 30.1], "cells": 126}, "geometry": {"type": "Polygon", "coordinates": [[[83.24659728209802, 17.70491666704237], [83.24601907185946, 17.706723075694967], [83.24409937486392, 17.707095425572106], [83.2427579185263, 17.705661387432684], [83.24333613168288, 17.703854999397873], [83.2452557982601, 17.70348262888441], [83.24659728209802, 17.70491666704237]]]}}, {"type": "Feature", "properties": {"h3": "893c93002d7ffff", "population": 0, "elderly_frac": 0.1, "hand_min_m": 27.22, "hand_deciles": [27.22, 28.69, 29.35, 30.18, 30.68, 31.43, 31.95, 32.57, 33.73, 53.69, 56.89], "cells": 127}, "geometry": {"type": "Polygon", "coordinates": [[[83.2498585355204, 17.705978301882993], [83.24928032820411, 17.707784731148692], [83.24736058116467, 17.70815710773924], [83.24601907185946, 17.706723075694967], [83.24659728209802, 17.70491666704237], [83.24851699872056, 17.704544269820644], [83.2498585355204, 17.705978301882993]]]}}, {"type": "Feature", "properties": {"h3": "893c93002dbffff", "population": 0, "elderly_frac": 0.1, "hand_min_m": 3.53, "hand_deciles": [3.53, 5.5, 6.73, 7.71, 8.83, 9.82, 10.9, 11.98, 12.94, 13.94, 22.79], "cells": 128}, "geometry": {"type": "Polygon", "coordinates": [[[83.24583400354827, 17.701676193489625], [83.2452557982601, 17.70348262888441], [83.24333613168288, 17.703854999397873], [83.24199470081292, 17.70242095515347], [83.24257290901807, 17.70061454038004], [83.24449254517722, 17.70024214922939], [83.24583400354827, 17.701676193489625]]]}}, {"type": "Feature", "properties": {"h3": "893c9300343ffff", "population": 0, "elderly_frac": 0.1, "hand_min_m": 0.0, "hand_deciles": [0.0, 0.0, 0.0, 0.03, 0.2, 0.44, 0.58, 0.77, 0.84, 0.94, 1.15], "cells": 36}, "geometry": {"type": "Polygon", "coordinates": [[[83.27615922290106, 17.702568866827214], [83.27558106183561, 17.704375588445053], [83.27366098647668, 17.704748287999784], [83.2723191025873, 17.703314286524378], [83.2728972666088, 17.70150758549124], [83.27481731156466, 17.70113486534851], [83.27615922290106, 17.702568866827214]]]}}, {"type": "Feature", "properties": {"h3": "893c9300347ffff", "population": 0, "elderly_frac": 0.1, "hand_min_m": 0.18, "hand_deciles": [0.18, 0.23, 0.28, 0.34, 0.39, 0.45, 0.5, 0.56, 0.61, 0.66, 0.72], "cells": 2}, "geometry": {"type": "Polygon", "coordinates": [[[83.27942128204512, 17.70363011527879], [83.27884312393996, 17.705436857476617], [83.27692299863388, 17.705809583768477], [83.27558106183561, 17.704375588445053], [83.27615922290106, 17.702568866827214], [83.27807931780552, 17.70219611995253], [83.27942128204512, 17.70363011527879]]]}}, {"type": "Feature", "properties": {"h3": "893c930034bffff", "population": 0, "elderly_frac": 0.1, "hand_min_m": 0.0, "hand_deciles": [0.0, 0.0, 0.0, 0.22, 0.42, 0.56, 0.71, 0.8, 1.0, 1.14, 1.68], "cells": 84}, "geometry": {"type": "Polygon", "coordinates": [[[83.27539546768956, 17.69932811699525], [83.27481731156466, 17.70113486534851], [83.2728972666088, 17.70150758549124], [83.27155540818164, 17.700073577869293], [83.27213356726155, 17.69826685010427], [83.27405358181464, 17.697894109372694], [83.27539546768956, 17.69932811699525]]]}}, {"type": "Feature", "properties": {"h3": "893c930034fffff", "population": 0, "elderly_frac": 0.1, "hand_min_m": 0.0, "hand_deciles": [0.0, 0.0, 0.0, 0.17, 0.38, 0.41, 0.44, 0.49, 0.64, 0.95, 1.06], "cells": 13}, "geometry": {"type": "Polygon", "coordinates": [[[83.27865747097117, 17.700389351015755], [83.27807931780552, 17.70219611995253], [83.27615922290106, 17.702568866827214], [83.27481731156466, 17.70113486534851], [83.27539546768956, 17.69932811699525], [83.27731553219266, 17.698955349536895], [83.27865747097117, 17.700389351015755]]]}}, {"type": "Feature", "properties": {"h3": "893c9300353ffff", "population": 0, "elderly_frac": 0.1, "hand_min_m": 0.0, "hand_deciles": [0.0, 0.19, 0.5, 0.64, 0.81, 0.98, 1.17, 1.36, 1.65, 1.92, 2.49], "cells": 56}, "geometry": {"type": "Polygon", "coordinates": [[[83.27366098647668, 17.704748287999784], [83.27308281751375, 17.70655496229051], [83.2711627617075, 17.70692761452024], [83.26982090526997, 17.705493613051253], [83.27039907718577, 17.70368695934642], [83.2723191025873, 17.703314286524378], [83.27366098647668, 17.704748287999784]]]}}, {"type": "Feature", "properties": {"h3": "893c9300357ffff", "population": 0, "elderly_frac": 0.1, "hand_min_m": 0.0, "hand_deciles": [0.0, 0.0, 0.0, 0.0, 0.15, 0.31, 0.53, 0.68, 0.79, 1.03, 1.38], "cells": 47}, "geometry": {"type": "Polygon", "coordinates": [[[83.27692299863388, 17.705809583768477], [83.27634483262804, 17.70761627864037], [83.27442472686582, 17.707988957607967], [83.27308281751375, 17.70655496229051], [83.27366098647668, 17.704748287999784], [83.27558106183561, 17.704375588445053], [83.27692299863388, 17.705809583768477]]]}}, {"type": "Feature", "properties": {"h3": "893c930035bffff", "population": 0, "elderly_frac": 0.1, "hand_min_m": 0.0, "hand_deciles": [0.0, 0.0, 0.02, 0.25, 0.45, 0.67, 0.82, 1.04, 1.28, 1.6, 2.36], "cells": 110}, "geometry": {"type": "Polygon", "coordinates": [[[83.2728972666088, 17.70150758549124], [83.2723191025873, 17.703314286524378], [83.27039907718577, 17.70368695934642], [83.26905724621128, 17.7022529517282], [83.2696354131846, 17.700446271284495], [83.27155540818164, 17.700073577869293], [83.2728972666088, 17.70150758549124]]]}}, {"type": "Feature", "properties": {"h3": "893c9300397ffff", "population": 0, "elderly_frac": 0.1, "hand_min_m": 0.0, "hand_deciles": [0.0, 0.0, 0.0, 0.0, 0.11, 0.34, 0.51, 0.72, 0.89, 1.05, 1.29], "cells": 35}, "geometry": {"type": "Polygon", "coordinates": [[[83.27747989364568, 17.720951306597634], [83.2769016999778, 17.722757847018002], [83.27498149214398, 17.72313039629897], [83.27363950838514, 17.721696425747343], [83.27421770501113, 17.719889905895137], [83.2761378824389, 17.719517336026126], [83.27747989364568, 17.720951306597634]]]}}, {"type": "Feature", "properties": {"h3": "893c93003c3ffff", "population": 0, "elderly_frac": 0.1, "hand_min_m": 0.0, "hand_deciles": [0.0, 0.0, 0.0, 0.09, 0.44, 0.54, 0.94, 1.05, 1.32, 1.66, 2.2], "cells": 32}, "geometry": {"type": "Polygon", "coordinates": [[[83.27192646675034, 17.710168236783964], [83.27134828495002, 17.71197483697941], [83.26942821829691, 17.712347421283262], [83.26808636385184, 17.710913425987187], [83.26866454860293, 17.70910684637528], [83.27058458484936, 17.708734241475636], [83.27192646675034, 17.710168236783964]]]}}, {"type": "Feature", "properties": {"h3": "893c93003cbffff", "population": 0, "elderly_frac": 0.1, "hand_min_m": 0.0, "hand_deciles": [0.0, 0.0, 0.0, 0.07, 0.39, 0.53, 0.64, 0.82, 1.04, 1.27, 3.47], "cells": 50}, "geometry": {"type": "Polygon", "coordinates": [[[83.2711627617075, 17.70692761452024], [83.27058458484936, 17.708734241475636], [83.26866454860293, 17.70910684637528], [83.2673227196221, 17.70767284491588], [83.26790089942995, 17.70586623854754], [83.26982090526997, 17.705493613051253], [83.2711627617075, 17.70692761452024]]]}}, {"type": "Feature", "properties": {"h3": "893c93003cfffff", "population": 0, "elderly_frac": 0.1, "hand_min_m": 2.04, "hand_deciles": [2.04, 2.04, 2.04, 2.04, 2.04, 2.04, 2.04, 2.04, 2.04, 2.04, 2.04], "cells": 1}, "geometry": {"type": "Polygon", "coordinates": [[[83.27442472686582, 17.707988957607967], [83.2738465529616, 17.709795605145715], [83.27192646675034, 17.710168236783964], [83.27058458484936, 17.708734241475636], [83.2711627617075, 17.70692761452024], [83.27308281751375, 17.70655496229051], [83.27442472686582, 17.707988957607967]]]}}, {"type": "Feature", "properties": {"h3": "893c93003d3ffff", "population": 0, "elderly_frac": 0.1, "hand_min_m": 0.0, "hand_deciles": [0.0, 0.0, 0.68, 0.82, 1.03, 1.44, 1.92, 2.28, 2.59, 2.92, 3.89], "cells": 20}, "geometry": {"type": "Polygon", "coordinates": [[[83.26942821829691, 17.712347421283262], [83.26885002860274, 17.714153974128187], [83.2669299815149, 17.714526511092597], [83.26558815453063, 17.713092515811912], [83.26616634717237, 17.711285983551704], [83.26808636385184, 17.710913425987187], [83.26942821829691, 17.712347421283262]]]}}, {"type": "Feature", "properties": {"h3": "893c93003dbffff", "population": 0, "elderly_frac": 0.1, "hand_min_m": 0.0, "hand_deciles": [0.0, 0.1, 0.39, 0.48, 0.68, 0.97, 1.17, 1.47, 1.57, 4.83, 5.14], "cells": 20}, "geometry": {"type": "Polygon", "coordinates": [[[83.26866454860293, 17.70910684637528], [83.26808636385184, 17.710913425987187], [83.26616634717237, 17.711285983551704], [83.26482454565313, 17.709851982104997], [83.26540273335073, 17.708045423081337], [83.2673227196221, 17.70767284491588], [83.26866454860293, 17.70910684637528]]]}}, {"type": "Feature", "properties": {"h3": "893c9300403ffff", "population": 0, "elderly_frac": 0.1, "hand_min_m": 0.0, "hand_deciles": [0.0, 0.0, 0.03, 1.19, 2.85, 3.49, 4.74, 6.32, 8.06, 9.74, 12.1], "cells": 127}, "geometry": {"type": "Polygon", "coordinates": [[[83.2459730709339, 17.740614158461277], [83.24539479252306, 17.74242018364519], [83.24347488062934, 17.742792205653405], [83.2421332775732, 17.741358223118972], [83.24271155890193, 17.739552218524487], [83.24463144036994, 17.739180175874726], [83.2459730709339, 17.740614158461277]]]}}, {"type": "Feature", "properties": {"h3": "893c9300407ffff", "population": 0, "elderly_frac": 0.1, "hand_min_m": 3.97, "hand_deciles": [3.97, 6.26, 8.62, 9.98, 11.62, 12.81, 14.81, 16.34, 18.08, 19.67, 23.55], "cells": 128}, "geometry": {"type": "Polygon", "coordinates": [[[83.2492346860003, 17.741676065468287], [83.24865641051159, 17.743482111236922], [83.2467364485603, 17.743854160007317], [83.24539479252306, 17.74242018364519], [83.2459730709339, 17.740614158461277], [83.24789300246088, 17.740242089054505], [83.2492346860003, 17.741676065468287]]]}}, {"type": "Feature", "properties": {"h3": "893c930040bffff", "population": 0, "elderly_frac": 0.1, "hand_min_m": 0.0, "hand_deciles": [0.0, 0.0, 0.0, 0.0, 0.0, 0.0, 0.0, 0.0, 0.0, 0.0, 0.0], "cells": 127}, "geometry": {"type": "Polygon", "coordinates": [[[83.24520971382904, 17.73737412383273], [83.24463144036994, 17.739180175874726], [83.24271155890193, 17.739552218524487], [83.2413699813195, 17.73811822977436], [83.24194825769544, 17.736312198325344], [83.243868108738, 17.735940135033186], [83.24520971382904, 17.73737412383273]]]}}, {"type": "Feature", "properties": {"h3": "893c930040fffff", "population": 0, "elderly_frac": 0.1, "hand_min_m": 0.0, "hand_deciles": [0.0, 0.0, 0.0, 0.0, 0.0, 0.0, 0.0, 0.36, 1.01, 2.6, 4.09], "cells": 128}, "geometry": {"type": "Polygon", "coordinates": [[[83.24847127299888, 17.738436016424245], [83.24789300246088, 17.740242089054505], [83.2459730709339, 17.740614158461277], [83.24463144036994, 17.739180175874726], [83.24520971382904, 17.73737412383273], [83.247129614932, 17.737002033788727], [83.24847127299888, 17.738436016424245]]]}}, {"type": "Feature", "properties": {"h3": "893c9300413ffff", "population": 0, "elderly_frac": 0.1, "hand_min_m": 3.42, "hand_deciles": [3.42, 4.53, 5.73, 6.47, 7.27, 7.76, 8.34, 9.23, 9.91, 10.85, 12.24], "cells": 127}, "geometry": {"type": "Polygon", "coordinates": [[[83.24347488062934, 17.742792205653405], [83.24289659434793, 17.744598183382806], [83.24097670209463, 17.744970157987442], [83.23963512655115, 17.74353617550825], [83.24021341574728, 17.741730218369447], [83.2421332775732, 17.741358223118972], [83.24347488062934, 17.742792205653405]]]}}, {"type": "Feature", "properties": {"h3": "893c9300417ffff", "population": 0, "elderly_frac": 0.1, "hand_min_m": 10.84, "hand_deciles": [10.84, 13.0, 14.01, 14.9, 15.94, 16.87, 18.05, 19.26, 20.36, 21.35, 23.77], "cells": 128}, "geometry": {"type": "Polygon", "coordinates": [[[83.2467364485603, 17.743854160007317], [83.24615816519785, 17.74566015832262], [83.24423822287817, 17.746032159690156], [83.24289659434793, 17.744598183382806], [83.24347488062934, 17.742792205653405], [83.24539479252306, 17.74242018364519], [83.2467364485603, 17.743854160007317]]]}}, {"type": "Feature", "properties": {"h3": "893c930041bffff", "population": 0, "elderly_frac": 0.1, "hand_min_m": 0.0, "hand_deciles": [0.0, 0.0, 0.0, 0.0, 0.0, 0.0, 0.0, 0.0, 0.36, 1.65, 3.0], "cells": 128}, "geometry": {"type": "Polygon", "coordinates": [[[83.24271155890193, 17.739552218524487], [83.2421332775732, 17.741358223118972], [83.24021341574728, 17.741730218369447], [83.23887186567828, 17.74029622967188], [83.23945014992071, 17.738490245671564], [83.2413699813195, 17.73811822977436], [83.24271155890193, 17.739552218524487]]]}}, {"type": "Feature", "properties": {"h3": "893c9300423ffff", "population": 0, "elderly_frac": 0.1, "hand_min_m": 0.0, "hand_deciles": [0.0, 1.45, 3.07, 5.55, 8.23, 10.23, 12.52, 14.35, 17.48, 21.13, 25.33], "cells": 128}, "geometry": {"type": "Polygon", "coordinates": [[[83.25499470038237, 17.740559702805186], [83.25441643569918, 17.74236581659778], [83.25249640408491, 17.74273793953192], [83.25115466757605, 17.741303969300056], [83.25173293518876, 17.73949787608627], [83.25365293638184, 17.739125732525256], [83.25499470038237, 17.740559702805186]]]}}, {"type": "Feature", "properties": {"h3": "893c9300427ffff", "population": 0, "elderly_frac": 0.1, "hand_min_m": 0.0, "hand_deciles": [0.0, 1.06, 2.75, 3.55, 4.7, 5.71, 6.98, 8.53, 10.87, 13.54, 16.84], "cells": 74}, "geometry": {"type": "Polygon", "coordinates": [[[83.25825656856345, 17.741621496567372], [83.25767830681401, 17.743427630934054], [83.25575822517149, 17.743799780638547], [83.25441643569918, 17.74236581659778], [83.25499470038237, 17.740559702805186], [83.25691475160514, 17.74018753247899], [83.25825656856345, 17.741621496567372]]]}}, {"type": "Feature", "properties": {"h3": "893c930042bffff", "population": 0, "elderly_frac": 0.1, "hand_min_m": 0.0, "hand_deciles": [0.0, 5.74, 7.97, 10.74, 13.12, 16.39, 20.01, 21.89, 23.81, 25.22, 27.87], "cells": 126}, "geometry": {"type": "Polygon", "coordinates": [[[83.25423119611625, 17.73731959187448], [83.25365293638184, 17.739125732525256], [83.25173293518876, 17.73949787608627], [83.25039122415204, 17.73806389962396], [83.25096948681492, 17.736257779555533], [83.25288945758707, 17.735885615366787], [83.25423119611625, 17.73731959187448]]]}}, {"type": "Feature", "properties": {"h3": "893c930042fffff", "population": 0, "elderly_frac": 0.1, "hand_min_m": 0.0, "hand_deciles": [0.0, 1.29, 4.14, 6.48, 8.87, 10.52, 12.16, 13.73, 14.81, 16.27, 18.59], "cells": 103}, "geometry": {"type": "Polygon", "coordinates": [[[83.25749300840683, 17.738381371250583], [83.25691475160514, 17.74018753247899], [83.25499470038237, 17.740559702805186], [83.25365293638184, 17.739125732525256], [83.25423119611625, 17.73731959187448], [83.2561512169195, 17.736947400925732], [83.25749300840683, 17.738381371250583]]]}}, {"type": "Feature", "properties": {"h3": "893c9300433ffff", "population": 0, "elderly_frac": 0.1, "hand_min_m": 12.13, "hand_deciles": [12.13, 16.96, 20.16, 23.49, 26.32, 28.45, 32.77, 36.16, 39.39, 41.82, 45.47], "cells": 128}, "geometry": {"type": "Polygon", "coordinates": [[[83.25249640408491, 17.74273793953192], [83.25191813152257, 17.744544005880552], [83.24999811952394, 17.744916081417593], [83.24865641051159, 17.743482111236922], [83.2492346860003, 17.741676065468287], [83.25115466757605, 17.741303969300056], [83.25249640408491, 17.74273793953192]]]}}, {"type": "Feature", "properties": {"h3": "893c9300437ffff", "population": 0, "elderly_frac": 0.1, "hand_min_m": 14.44, "hand_deciles": [14.44, 19.53, 20.96, 22.88, 24.96, 27.02, 29.19, 30.92, 34.53, 37.17, 41.29], "cells": 70}, "geometry": {"type": "Polygon", "coordinates": [[[83.25575822517149, 17.743799780638547], [83.2551799555397, 17.74560586756242], [83.253259893504, 17.745977969870548], [83.25191813152257, 17.744544005880552], [83.25249640408491, 17.74273793953192], [83.25441643569918, 17.74236581659778], [83.25575822517149, 17.743799780638547]]]}}, {"type": "Feature", "properties": {"h3": "893c930043bffff", "population": 0, "elderly_frac": 0.1, "hand_min_m": 0.0, "hand_deciles": [0.0, 0.52, 1.03, 1.55, 2.42, 3.62, 5.01, 6.59, 8.42, 9.95, 14.27], "cells": 128}, "geometry": {"type": "Polygon", "coordinates": [[[83.25173293518876, 17.73949787608627], [83.25115466757605, 17.741303969300056], [83.2492346860003, 17.741676065468287], [83.24789300246088, 17.740242089054505], [83.24847127299888, 17.738436016424245], [83.25039122415204, 17.73806389962396], [83.25173293518876, 17.73949787608627]]]}}, {"type": "Feature", "properties": {"h3": "893c9300443ffff", "population": 0, "elderly_frac": 0.1, "hand_min_m": 0.0, "hand_deciles": [0.0, 0.0, 0.0, 0.0, 0.0, 0.0, 0.0, 0.0, 0.48, 1.15, 2.35], "cells": 128}, "geometry": {"type": "Polygon", "coordinates": [[[83.24118497700927, 17.73307214507793], [83.24060670558627, 17.73487820337095], [83.23868690461437, 17.735250239915715], [83.23734540549309, 17.733816238815628], [83.23792367982767, 17.732010201123856], [83.239843450373, 17.73163814393065], [83.24118497700927, 17.73307214507793]]]}}, {"type": "Feature", "properties": {"h3": "893c9300447ffff", "population": 0, "elderly_frac": 0.1, "hand_min_m": 0.0, "hand_deciles": [0.0, 0.0, 0.0, 0.0, 0.0, 0.0, 0.0, 0.0, 0.0, 0.06, 0.77], "cells": 127}, "geometry": {"type": "Polygon", "coordinates": [[[83.24444637724518, 17.73413405614364], [83.243868108738, 17.735940135033186], [83.24194825769544, 17.736312198325344], [83.24060670558627, 17.73487820337095], [83.24118497700927, 17.73307214507793], [83.24310479762666, 17.732700061142506], [83.24444637724518, 17.73413405614364]]]}}, {"type": "Feature", "properties": {"h3": "893c930044bffff", "population": 0, "elderly_frac": 0.1, "hand_min_m": 0.0, "hand_deciles": [0.0, 0.91, 1.64, 2.12, 2.59, 2.97, 3.34, 3.87, 4.51, 5.3, 8.76], "cells": 128}, "geometry": {"type": "Polygon", "coordinates": [[[83.2404217168429, 17.72983205880418], [83.239843450373, 17.73163814393065], [83.23792367982767, 17.732010201123856], [83.23658220617965, 17.730576193839617], [83.2371604755601, 17.72877012931793], [83.23908021567908, 17.728398051475438], [83.2404217168429, 17.72983205880418]]]}}, {"type": "Feature", "properties": {"h3": "893c930044fffff", "population": 0, "elderly_frac": 0.1, "hand_min_m": 0.0, "hand_deciles": [0.0, 0.56, 0.84, 1.16, 1.43, 5.49, 6.08, 6.47, 6.76, 7.23, 8.06], "cells": 128}, "geometry": {"type": "Polygon", "coordinates": [[[83.24368306118178, 17.730893955415965], [83.24310479762666, 17.732700061142506], [83.24118497700927, 17.73307214507793], [83.239843450373, 17.73163814393065], [83.2404217168429, 17.72983205880418], [83.24234150703535, 17.729459954224634], [83.24368306118178, 17.730893955415965]]]}}, {"type": "Feature", "properties": {"h3": "893c9300453ffff", "population": 0, "elderly_frac": 0.1, "hand_min_m": 0.0, "hand_deciles": [0.0, 0.0, 0.0, 0.0, 0.0, 0.0, 0.0, 0.0, 0.0, 0.0, 0.0], "cells": 128}, "geometry": {"type": "Polygon", "coordinates": [[[83.23868690461437, 17.735250239915715], [83.23810862532578, 17.73705625076703], [83.23618884400645, 17.737428239916113], [83.23484737240503, 17.73599423886635], [83.23542565460205, 17.734188248617457], [83.23734540549309, 17.733816238815628], [83.23868690461437, 17.735250239915715]]]}}, {"type": "Feature", "properties": {"h3": "893c9300457ffff", "population": 0, "elderly_frac": 0.1, "hand_min_m": 0.0, "hand_deciles": [0.0, 0.0, 0.0, 0.0, 0.0, 0.0, 0.0, 0.0, 0.0, 0.0, 0.0], "cells": 127}, "geometry": {"type": "Polygon", "coordinates": [[[83.24194825769544, 17.736312198325344], [83.2413699813195, 17.73811822977436], [83.23945014992071, 17.738490245671564], [83.23810862532578, 17.73705625076703], [83.23868690461437, 17.735250239915715], [83.24060670558627, 17.73487820337095], [83.24194825769544, 17.736312198325344]]]}}, {"type": "Feature", "properties": {"h3": "893c930045bffff", "population": 0, "elderly_frac": 0.1, "hand_min_m": 0.0, "hand_deciles": [0.0, 0.0, 0.28, 1.28, 2.16, 3.12, 3.82, 4.53, 5.13, 5.99, 8.06], "cells": 129}, "geometry": {"type": "Polygon", "coordinates": [[[83.23792367982767, 17.732010201123856], [83.23734540549309, 17.733816238815628], [83.23542565460205, 17.734188248617457], [83.23408420847467, 17.732754241380864], [83.23466248571664, 17.73094822429507], [83.23658220617965, 17.730576193839617], [83.23792367982767, 17.732010201123856]]]}}, {"type": "Feature", "properties": {"h3": "893c9300463ffff", "population": 0, "elderly_frac": 0.1, "hand_min_m": 2.14, "hand_deciles": [2.14, 8.34, 9.93, 13.12, 13.82, 14.29, 14.78, 15.72, 16.42, 17.82, 20.3], "cells": 125}, "geometry": {"type": "Polygon", "coordinates": [[[83.25020605896287, 17.733017649961678], [83.24962780124996, 17.734823796874192], [83.24770788051914, 17.73519593430738], [83.2463662479244, 17.733761945461563], [83.24694450856053, 17.731955819139667], [83.24886439886924, 17.731583661072705], [83.25020605896287, 17.733017649961678]]]}}, {"type": "Feature", "properties": {"h3": "893c9300467ffff", "population": 0, "elderly_frac": 0.1, "hand_min_m": 11.41, "hand_deciles": [11.41, 13.33, 14.51, 15.22, 15.84, 16.37, 16.96, 18.08, 19.01, 26.18, 29.29], "cells": 108}, "geometry": {"type": "Polygon", "coordinates": [[[83.25346771237255, 17.73407944786837], [83.25288945758707, 17.735885615366787], [83.25096948681492, 17.736257779555533], [83.24962780124996, 17.734823796874192], [83.25020605896287, 17.733017649961678], [83.25212599931437, 17.732645465144323], [83.25346771237255, 17.73407944786837]]]}}, {"type": "Feature", "properties": {"h3": "893c930046bffff", "population": 0, "elderly_frac": 0.1, "hand_min_m": 3.17, "hand_deciles": [3.17, 4.98, 6.6, 7.42, 8.37, 9.35, 10.0, 10.73, 11.31, 12.32, 14.02], "cells": 126}, "geometry": {"type": "Polygon", "coordinates": [[[83.24944265163205, 17.729777487326633], [83.24886439886924, 17.731583661072705], [83.24694450856053, 17.731955819139667], [83.2456029014375, 17.730521824094925], [83.24618115712246, 17.72871567094303], [83.24810101700936, 17.728343492241432], [83.24944265163205, 17.729777487326633]]]}}, {"type": "Feature", "properties": {"h3": "893c930046fffff", "population": 0, "elderly_frac": 0.1, "hand_min_m": 7.28, "hand_deciles": [7.28, 8.17, 9.27, 9.93, 10.73, 11.4, 11.86, 12.55, 12.76, 14.1, 17.42], "cells": 126}, "geometry": {"type": "Polygon", "coordinates": [[[83.25270424915078, 17.730839270808815], [83.25212599931437, 17.732645465144323], [83.25020605896287, 17.733017649961678], [83.24886439886924, 17.731583661072705], [83.24944265163205, 17.729777487326633], [83.25136256156314, 17.72940528187982], [83.25270424915078, 17.730839270808815]]]}}, {"type": "Feature", "properties": {"h3": "893c9300473ffff", "population": 0, "elderly_frac": 0.1, "hand_min_m": 0.0, "hand_deciles": [0.0, 0.0, 0.0, 0.0, 0.0, 0.0, 0.49, 1.11, 1.57, 1.93, 3.14], "cells": 126}, "geometry": {"type": "Polygon", "coordinates": [[[83.24770788051914, 17.73519593430738], [83.247129614932, 17.737002033788727], [83.24520971382904, 17.73737412383273], [83.243868108738, 17.735940135033186], [83.24444637724518, 17.73413405614364], [83.2463662479244, 17.733761945461563], [83.24770788051914, 17.73519593430738]]]}}, {"type": "Feature", "properties": {"h3": "893c9300477ffff", "population": 0, "elderly_frac": 0.1, "hand_min_m": 0.0, "hand_deciles": [0.0, 0.38, 1.07, 1.72, 2.48, 10.0, 11.4, 14.71, 15.98, 16.95, 18.46], "cells": 127}, "geometry": {"type": "Polygon", "coordinates": [[[83.25096948681492, 17.736257779555533], [83.25039122415204, 17.73806389962396], [83.24847127299888, 17.738436016424245], [83.247129614932, 17.737002033788727], [83.24770788051914, 17.73519593430738], [83.24962780124996, 17.734823796874192], [83.25096948681492, 17.736257779555533]]]}}, {"type": "Feature", "properties": {"h3": "893c930047bffff", "population": 0, "elderly_frac": 0.1, "hand_min_m": 0.34, "hand_deciles": [0.34, 0.64, 1.05, 1.87, 5.93, 6.38, 6.66, 6.94, 7.35, 7.93, 12.94], "cells": 127}, "geometry": {"type": "Polygon", "coordinates": [[[83.24694450856053, 17.731955819139667], [83.2463662479244, 17.733761945461563], [83.24444637724518, 17.73413405614364], [83.24310479762666, 17.732700061142506], [83.24368306118178, 17.730893955415965], [83.2456029014375, 17.730521824094925], [83.24694450856053, 17.731955819139667]]]}}, {"type": "Feature", "properties": {"h3": "893c9300483ffff", "population": 0, "elderly_frac": 0.1, "hand_min_m": 0.0, "hand_deciles": [0.0, 0.09, 0.43, 0.71, 0.89, 1.07, 1.32, 1.77, 2.27, 2.73, 4.19], "cells": 124}, "geometry": {"type": "Polygon", "coordinates": [[[83.2417400089633, 17.748210064503592], [83.24116170986021, 17.750015967887695], [83.23924180682513, 17.75038787443442], [83.23790023332351, 17.748953898246036], [83.23847853533918, 17.74714801545016], [83.24039840794494, 17.746776088254165], [83.2417400089633, 17.748210064503592]]]}}, {"type": "Feature", "properties": {"h3": "893c9300487ffff", "population": 0, "elderly_frac": 0.1, "hand_min_m": 3.45, "hand_deciles": [3.45, 4.66, 5.37, 6.27, 6.95, 7.65, 8.99, 9.81, 10.86, 11.96, 14.48], "cells": 125}, "geometry": {"type": "Polygon", "coordinates": [[[83.24500158564899, 17.7492720806128], [83.24442328946272, 17.75107800458043], [83.24250333635386, 17.75144993789595], [83.24116170986021, 17.750015967887695], [83.2417400089633, 17.748210064503592], [83.24365993164425, 17.74783811054395], [83.24500158564899, 17.7492720806128]]]}}, {"type": "Feature", "properties": {"h3": "893c930048bffff", "population": 0, "elderly_frac": 0.1, "hand_min_m": 0.0, "hand_deciles": [0.0, 0.0, 0.31, 0.48, 0.67, 0.97, 1.2, 1.57, 2.1, 3.13, 9.17], "cells": 126}, "geometry": {"type": "Polygon", "coordinates": [[[83.24097670209463, 17.744970157987442], [83.24039840794494, 17.746776088254165], [83.23847853533918, 17.74714801545016], [83.23713698731324, 17.745714033029333], [83.23771528437446, 17.74390812335442], [83.23963512655115, 17.74353617550825], [83.24097670209463, 17.744970157987442]]]}}, {"type": "Feature", "properties": {"h3": "893c930048fffff", "population": 0, "elderly_frac": 0.1, "hand_min_m": 1.91, "hand_deciles": [1.91, 3.4, 4.08, 4.85, 5.75, 6.61, 7.16, 8.36, 9.81, 11.99, 16.8], "cells": 126}, "geometry": {"type": "Polygon", "coordinates": [[[83.24423822287817, 17.746032159690156], [83.24365993164425, 17.74783811054395], [83.2417400089633, 17.748210064503592], [83.24039840794494, 17.746776088254165], [83.24097670209463, 17.744970157987442], [83.24289659434793, 17.744598183382806], [83.24423822287817, 17.746032159690156]]]}}, {"type": "Feature", "properties": {"h3": "893c9300493ffff", "population": 0, "elderly_frac": 0.1, "hand_min_m": 0.0, "hand_deciles": [0.0, 0.0, 0.09, 0.24, 0.38, 0.49, 0.64, 0.84, 1.06, 1.27, 2.26], "cells": 125}, "geometry": {"type": "Polygon", "coordinates": [[[83.23924180682513, 17.75038787443442], [83.23866349985514, 17.752193730340675], [83.23674361647308, 17.752565589469427], [83.23540207049302, 17.751131613345233], [83.23598038037244, 17.749325778028382], [83.23790023332351, 17.748953898246036], [83.23924180682513, 17.75038787443442]]]}}, {"type": "Feature", "properties": {"h3": "893c9300497ffff", "population": 0, "elderly_frac": 0.1, "hand_min_m": 0.0, "hand_deciles": [0.0, 0.57, 0.83, 1.08, 1.5, 1.79, 2.42, 2.93, 3.35, 4.1, 5.36], "cells": 126}, "geometry": {"type": "Polygon", "coordinates": [[[83.24250333635386, 17.75144993789595], [83.24192503229753, 17.75325581438692], [83.24000509883285, 17.753627700285193], [83.23866349985514, 17.752193730340675], [83.23924180682513, 17.75038787443442], [83.24116170986021, 17.750015967887695], [83.24250333635386, 17.75144993789595]]]}}, {"type": "Feature", "properties": {"h3": "893c930049bffff", "population": 0, "elderly_frac": 0.1, "hand_min_m": 0.0, "hand_deciles": [0.0, 0.0, 0.0, 0.1, 0.23, 0.4, 0.52, 0.7, 0.98, 1.31, 5.95], "cells": 123}, "geometry": {"type": "Polygon", "coordinates": [[[83.23847853533918, 17.74714801545016], [83.23790023332351, 17.748953898246036], [83.23598038037244, 17.749325778028382], [83.23463885986884, 17.747891795669076], [83.23521716479291, 17.746085933466162], [83.23713698731324, 17.745714033029333], [83.23847853533918, 17.74714801545016]]]}}, {"type": "Feature", "properties": {"h3": "893c93004a3ffff", "population": 0, "elderly_frac": 0.1, "hand_min_m": 20.5, "hand_deciles": [20.5, 21.79, 22.49, 23.25, 29.6, 45.85, 46.89, 47.38, 48.27, 55.3, 56.11], "cells": 126}, "geometry": {"type": "Polygon", "coordinates": [[[83.25076157357036, 17.748156064250175], [83.25018328818066, 17.74996205626391], [83.24826326538003, 17.750334063764186], [83.24692155839492, 17.748900099885063], [83.24749984670883, 17.747094128448946], [83.24941983908465, 17.746722100314038], [83.25076157357036, 17.748156064250175]]]}}, {"type": "Feature", "properties": {"h3": "893c93004a7ffff", "population": 0, "elderly_frac": 0.1, "hand_min_m": 31.3, "hand_deciles": [31.3, 34.24, 35.91, 37.3, 38.68, 40.03, 41.24, 42.19, 43.38, 44.43, 45.73], "cells": 127}, "geometry": {"type": "Polygon", "coordinates": [[[83.25402340344651, 17.749217967080217], [83.25344512098526, 17.751023979666865], [83.25152504814012, 17.751396013944127], [83.25018328818066, 17.74996205626391], [83.25076157357036, 17.748156064250175], [83.25268161599212, 17.747784009343455], [83.25402340344651, 17.749217967080217]]]}}, {"type": "Feature", "properties": {"h3": "893c93004abffff", "population": 0, "elderly_frac": 0.1, "hand_min_m": 21.56, "hand_deciles": [21.56, 23.6, 24.42, 25.82, 26.49, 27.3, 28.18, 29.35, 32.87, 47.05, 50.9], "cells": 126}, "geometry": {"type": "Polygon", "coordinates": [[[83.24999811952394, 17.744916081417593], [83.24941983908465, 17.746722100314038], [83.24749984670883, 17.747094128448946], [83.24615816519785, 17.74566015832262], [83.2467364485603, 17.743854160007317], [83.24865641051159, 17.743482111236922], [83.24999811952394, 17.744916081417593]]]}}, {"type": "Feature", "properties": {"h3": "893c93004afffff", "population": 0, "elderly_frac": 0.1, "hand_min_m": 38.5, "hand_deciles": [38.5, 42.22, 43.17, 44.16, 45.3, 45.88, 47.41, 48.59, 49.96, 52.59, 54.28], "cells": 67}, "geometry": {"type": "Polygon", "coordinates": [[[83.253259893504, 17.745977969870548], [83.25268161599212, 17.747784009343455], [83.25076157357036, 17.748156064250175], [83.24941983908465, 17.746722100314038], [83.24999811952394, 17.744916081417593], [83.25191813152257, 17.744544005880552], [83.253259893504, 17.745977969870548]]]}}, {"type": "Feature", "properties": {"h3": "893c93004b3ffff", "population": 0, "elderly_frac": 0.1, "hand_min_m": 11.51, "hand_deciles": [11.51, 14.36, 15.58, 16.63, 17.49, 18.12, 18.64, 19.69, 20.28, 20.94, 36.14], "cells": 127}, "geometry": {"type": "Polygon", "coordinates": [[[83.24826326538003, 17.750334063764186], [83.2476849721148, 17.752140008310615], [83.2457649689424, 17.752511968399403], [83.24442328946272, 17.75107800458043], [83.24500158564899, 17.7492720806128], [83.24692155839492, 17.748900099885063], [83.24826326538003, 17.750334063764186]]]}}, {"type": "Feature", "properties": {"h3": "893c93004b7ffff", "population": 0, "elderly_frac": 0.1, "hand_min_m": 20.08, "hand_deciles": [20.08, 30.3, 32.04, 33.49, 34.47, 35.32, 35.89, 38.91, 40.6, 42.51, 46.73], "cells": 116}, "geometry": {"type": "Polygon", "coordinates": [[[83.25152504814012, 17.751396013944127], [83.25094675780016, 17.75320197906463], [83.24902670457445, 17.753573965931118], [83.2476849721148, 17.752140008310615], [83.24826326538003, 17.750334063764186], [83.25018328818066, 17.74996205626391], [83.25152504814012, 17.751396013944127]]]}}, {"type": "Feature", "properties": {"h3": "893c93004bbffff", "population": 0, "elderly_frac": 0.1, "hand_min_m": 10.54, "hand_deciles": [10.54, 12.5, 14.04, 15.04, 16.3, 17.43, 18.27, 19.28, 20.56, 21.8, 26.08], "cells": 127}, "geometry": {"type": "Polygon", "coordinates": [[[83.24749984670883, 17.747094128448946], [83.24692155839492, 17.748900099885063], [83.24500158564899, 17.7492720806128], [83.24365993164425, 17.74783811054395], [83.24423822287817, 17.746032159690156], [83.24615816519785, 17.74566015832262], [83.24749984670883, 17.747094128448946]]]}}, {"type": "Feature", "properties": {"h3": "893c93004c3ffff", "population": 0, "elderly_frac": 0.1, "hand_min_m": 0.0, "hand_deciles": [0.0, 0.93, 2.36, 3.58, 4.49, 5.52, 6.13, 6.98, 7.54, 8.55, 9.8], "cells": 125}, "geometry": {"type": "Polygon", "coordinates": [[[83.23695205393041, 17.74066819816908], [83.23637376182376, 17.74247413471253], [83.23445396973393, 17.742846055804694], [83.233112500182, 17.74141206100931], [83.23369079519495, 17.73960614506591], [83.23561055685455, 17.739234203317555], [83.23695205393041, 17.74066819816908]]]}}, {"type": "Feature", "properties": {"h3": "893c93004c7ffff", "population": 0, "elderly_frac": 0.1, "hand_min_m": 0.0, "hand_deciles": [0.0, 0.0, 0.44, 0.95, 1.33, 1.63, 2.27, 3.1, 3.74, 4.62, 6.44], "cells": 127}, "geometry": {"type": "Polygon", "coordinates": [[[83.24021341574728, 17.741730218369447], [83.23963512655115, 17.74353617550825], [83.23771528437446, 17.74390812335442], [83.23637376182376, 17.74247413471253], [83.23695205393041, 17.74066819816908], [83.23887186567828, 17.74029622967188], [83.24021341574728, 17.741730218369447]]]}}, {"type": "Feature", "properties": {"h3": "893c93004cbffff", "population": 0, "elderly_frac": 0.1, "hand_min_m": 0.0, "hand_deciles": [0.0, 0.0, 0.0, 0.0, 0.0, 0.0, 0.46, 1.31, 2.61, 3.91, 5.77], "cells": 126}, "geometry": {"type": "Polygon", "coordinates": [[[83.23618884400645, 17.737428239916113], [83.23561055685455, 17.739234203317555], [83.23369079519495, 17.73960614506591], [83.23234935111826, 17.738172144069615], [83.2329276411754, 17.736366201271764], [83.23484737240503, 17.73599423886635], [83.23618884400645, 17.737428239916113]]]}}, {"type": "Feature", "properties": {"h3": "893c93004cfffff", "population": 0, "elderly_frac": 0.1, "hand_min_m": 0.0, "hand_deciles": [0.0, 0.0, 0.0, 0.0, 0.0, 0.0, 0.0, 0.0, 0.0, 0.44, 2.13], "cells": 126}, "geometry": {"type": "Polygon", "coordinates": [[[83.23945014992071, 17.738490245671564], [83.23887186567828, 17.74029622967188], [83.23695205393041, 17.74066819816908], [83.23561055685455, 17.739234203317555], [83.23618884400645, 17.737428239916113], [83.23810862532578, 17.73705625076703], [83.23945014992071, 17.738490245671564]]]}}, {"type": "Feature", "properties": {"h3": "893c93004d3ffff", "population": 0, "elderly_frac": 0.1, "hand_min_m": 0.0, "hand_deciles": [0.0, 0.0, 0.58, 0.94, 1.48, 2.3, 9.02, 10.35, 11.09, 12.4, 14.83], "cells": 126}, "geometry": {"type": "Polygon", "coordinates": [[[83.23445396973393, 17.742846055804694], [83.23387566976535, 17.744651944883117], [83.23195589734073, 17.745023818565205], [83.23061445531759, 17.7435898238291], [83.2311927581893, 17.741783955351917], [83.233112500182, 17.74141206100931], [83.23445396973393, 17.742846055804694]]]}}, {"type": "Feature", "properties": {"h3": "893c93004d7ffff", "population": 0, "elderly_frac": 0.1, "hand_min_m": 0.0, "hand_deciles": [0.0, 0.29, 0.87, 1.43, 4.28, 4.63, 4.98, 5.4, 6.07, 6.47, 7.67], "cells": 126}, "geometry": {"type": "Polygon", "coordinates": [[[83.23771528437446, 17.74390812335442], [83.23713698731324, 17.745714033029333], [83.23521716479291, 17.746085933466162], [83.23387566976535, 17.744651944883117], [83.23445396973393, 17.742846055804694], [83.23637376182376, 17.74247413471253], [83.23771528437446, 17.74390812335442]]]}}, {"type": "Feature", "properties": {"h3": "893c93004dbffff", "population": 0, "elderly_frac": 0.1, "hand_min_m": 0.0, "hand_deciles": [0.0, 1.24, 5.63, 7.06, 8.43, 9.4, 10.73, 11.58, 12.56, 13.64, 15.58], "cells": 124}, "geometry": {"type": "Polygon", "coordinates": [[[83.23369079519495, 17.73960614506591], [83.233112500182, 17.74141206100931], [83.2311927581893, 17.741783955351917], [83.22985134164216, 17.740349954412217], [83.23042963955716, 17.73854405907358], [83.23234935111826, 17.738172144069615], [83.23369079519495, 17.73960614506591]]]}}, {"type": "Feature", "properties": {"h3": "893c9300503ffff", "population": 0, "elderly_frac": 0.1, "hand_min_m": 0.0, "hand_deciles": [0.0, 0.0, 0.0, 0.08, 0.25, 0.51, 0.58, 0.59, 0.88, 1.18, 1.23], "cells": 14}, "geometry": {"type": "Polygon", "coordinates": [[[83.2688065392119, 17.74804681522252], [83.26822828134459, 17.749852984400192], [83.26630801926298, 17.750225193837142], [83.26496604546546, 17.74879125470146], [83.2655443062802, 17.74698510608015], [83.26746453794607, 17.746612876037883], [83.2688065392119, 17.74804681522252]]]}}, {"type": "Feature", "properties": {"h3": "893c9300507ffff", "population": 0, "elderly_frac": 0.1, "hand_min_m": 0.0, "hand_deciles": [0.0, 0.0, 0.0, 0.08, 0.39, 0.65, 0.77, 1.05, 1.21, 1.69, 2.13], "cells": 70}, "geometry": {"type": "Polygon", "coordinates": [[[83.27206887506415, 17.749108491339758], [83.27149062014853, 17.75091468106907], [83.26957030808109, 17.751286917299357], [83.26822828134459, 17.749852984400192], [83.2688065392119, 17.74804681522252], [83.27072682086501, 17.747674558392102], [83.27206887506415, 17.749108491339758]]]}}, {"type": "Feature", "properties": {"h3": "893c9300513ffff", "population": 0, "elderly_frac": 0.1, "hand_min_m": 0.0, "hand_deciles": [0.0, 0.0, 0.2, 0.5, 0.74, 0.86, 1.05, 1.24, 1.43, 1.92, 2.66], "cells": 102}, "geometry": {"type": "Polygon", "coordinates": [[[83.26630801926298, 17.750225193837142], [83.2657297535029, 17.752031315568562], [83.26380951099998, 17.752403477607032], [83.26246756467559, 17.75096953852342], [83.26304583337996, 17.749163437349537], [83.26496604546546, 17.74879125470146], [83.26630801926298, 17.750225193837142]]]}}, {"type": "Feature", "properties": {"h3": "893c9300517ffff", "population": 0, "elderly_frac": 0.1, "hand_min_m": 0.0, "hand_deciles": [0.0, 0.0, 0.02, 0.36, 0.57, 0.74, 0.91, 1.12, 1.74, 2.7, 3.99], "cells": 117}, "geometry": {"type": "Polygon", "coordinates": [[[83.26957030808109, 17.751286917299357], [83.26899204526948, 17.753093059583584], [83.26707175277188, 17.753465248416113], [83.2657297535029, 17.752031315568562], [83.26630801926298, 17.750225193837142], [83.26822828134459, 17.749852984400192], [83.26957030808109, 17.751286917299357]]]}}, {"type": "Feature", "properties": {"h3": "893c9300523ffff", "population": 0, "elderly_frac": 0.1, "hand_min_m": 0.0, "hand_deciles": [0.0, 0.0, 0.01, 0.23, 0.36, 0.52, 0.61, 0.73, 0.85, 1.0, 1.48], "cells": 39}, "geometry": {"type": "Polygon", "coordinates": [[[83.2778299394759, 17.74799156628628], [83.27725169541762, 17.749797823998197], [83.27533131382069, 17.750170134418255], [83.27398920669428, 17.748736207716746], [83.27456745371165, 17.74692997055055], [83.27648780489736, 17.746557639539848], [83.2778299394759, 17.74799156628628]]]}}, {"type": "Feature", "properties": {"h3": "893c9300533ffff", "population": 0, "elderly_frac": 0.1, "hand_min_m": 0.0, "hand_deciles": [0.0, 0.0, 0.05, 0.35, 0.56, 0.61, 0.76, 0.9, 1.01, 1.23, 2.37], "cells": 71}, "geometry": {"type": "Polygon", "coordinates": [[[83.27533131382069, 17.750170134418255], [83.27475306186099, 17.751976344694466], [83.27283269981794, 17.752348607722528], [83.27149062014853, 17.75091468106907], [83.27206887506415, 17.749108491339758], [83.27398920669428, 17.748736207716746], [83.27533131382069, 17.750170134418255]]]}}, {"type": "Feature", "properties": {"h3": "893c930053bffff", "population": 0, "elderly_frac": 0.1, "hand_min_m": 0.71, "hand_deciles": [0.71, 0.93, 1.1, 1.18, 1.23, 1.35, 1.62, 1.96, 2.04, 2.17, 2.62], "cells": 16}, "geometry": {"type": "Polygon", "coordinates": [[[83.27456745371165, 17.74692997055055], [83.27398920669428, 17.748736207716746], [83.27206887506415, 17.749108491339758], [83.27072682086501, 17.747674558392102], [83.27130507083723, 17.745868341776344], [83.27322537205475, 17.745496037557526], [83.27456745371165, 17.74692997055055]]]}}, {"type": "Feature", "properties": {"h3": "893c930055bffff", "population": 0, "elderly_frac": 0.1, "hand_min_m": 0.0, "hand_deciles": [0.0, 0.0, 0.0, 0.0, 0.38, 0.77, 1.01, 1.07, 1.98, 2.15, 2.41], "cells": 15}, "geometry": {"type": "Polygon", "coordinates": [[[83.26075492367045, 17.739443117670234], [83.26017666980566, 17.741249299471544], [83.25825656856345, 17.741621496567372], [83.25691475160514, 17.74018753247899], [83.25749300840683, 17.738381371250583], [83.25941307923097, 17.738009153537373], [83.26075492367045, 17.739443117670234]]]}}, {"type": "Feature", "properties": {"h3": "893c9300583ffff", "population": 0, "elderly_frac": 0.1, "hand_min_m": 0.0, "hand_deciles": [0.0, 0.12, 0.77, 1.19, 1.44, 2.05, 2.49, 2.91, 3.55, 4.43, 5.73], "cells": 127}, "geometry": {"type": "Polygon", "coordinates": [[[83.26457320914598, 17.755643484676796], [83.2639949305493, 17.75744953204636], [83.2620746772128, 17.757821626068218], [83.26073273289339, 17.75638769333331], [83.26131101443224, 17.75458166651894], [83.26323123734936, 17.754209551884017], [83.26457320914598, 17.755643484676796]]]}}, {"type": "Feature", "properties": {"h3": "893c9300587ffff", "population": 0, "elderly_frac": 0.1, "hand_min_m": 0.0, "hand_deciles": [0.0, 0.0, 0.35, 0.58, 0.74, 0.9, 1.28, 1.71, 2.17, 2.93, 4.05], "cells": 128}, "geometry": {"type": "Polygon", "coordinates": [[[83.26783550680746, 17.756705269795088], [83.26725723115715, 17.758511337715078], [83.26533692781857, 17.758883458536907], [83.2639949305493, 17.75744953204636], [83.26457320914598, 17.755643484676796], [83.26649348206661, 17.755271343247088], [83.26783550680746, 17.756705269795088]]]}}, {"type": "Feature", "properties": {"h3": "893c930058bffff", "population": 0, "elderly_frac": 0.1, "hand_min_m": 0.0, "hand_deciles": [0.0, 0.57, 0.97, 1.39, 1.97, 2.43, 2.94, 3.4, 3.87, 4.67, 6.1], "cells": 126}, "geometry": {"type": "Polygon", "coordinates": [[[83.26380951099998, 17.752403477607032], [83.26323123734936, 17.754209551884017], [83.26131101443224, 17.75458166651894], [83.25996909558587, 17.75314772749054], [83.26054737217758, 17.751341673772277], [83.26246756467559, 17.75096953852342], [83.26380951099998, 17.752403477607032]]]}}, {"type": "Feature", "properties": {"h3": "893c930058fffff", "population": 0, "elderly_frac": 0.1, "hand_min_m": 0.0, "hand_deciles": [0.0, 0.03, 0.68, 1.09, 1.18, 1.47, 1.72, 1.99, 2.27, 2.83, 4.07], "cells": 124}, "geometry": {"type": "Polygon", "coordinates": [[[83.26707175277188, 17.753465248416113], [83.26649348206661, 17.755271343247088], [83.26457320914598, 17.755643484676796], [83.26323123734936, 17.754209551884017], [83.26380951099998, 17.752403477607032], [83.2657297535029, 17.752031315568562], [83.26707175277188, 17.753465248416113]]]}}, {"type": "Feature", "properties": {"h3": "893c9300593ffff", "population": 0, "elderly_frac": 0.1, "hand_min_m": 0.0, "hand_deciles": [0.0, 1.37, 2.25, 3.2, 4.05, 5.22, 6.48, 7.45, 8.04, 9.08, 12.02], "cells": 121}, "geometry": {"type": "Polygon", "coordinates": [[[83.2620746772128, 17.757821626068218], [83.26149639072698, 17.759627625968168], [83.25957615698175, 17.75999967257714], [83.25823424014443, 17.758565739903254], [83.25881252956923, 17.756759760559664], [83.26073273289339, 17.75638769333331], [83.2620746772128, 17.757821626068218]]]}}, {"type": "Feature", "properties": {"h3": "893c9300597ffff", "population": 0, "elderly_frac": 0.1, "hand_min_m": 1.87, "hand_deciles": [1.87, 3.4, 3.53, 3.95, 4.2, 4.44, 4.7, 4.96, 5.43, 6.03, 6.85], "cells": 68}, "geometry": {"type": "Polygon", "coordinates": [[[83.26533692781857, 17.758883458536907], [83.26475864427596, 17.7606894789885], [83.26283836051981, 17.761061552398157], [83.26149639072698, 17.759627625968168], [83.2620746772128, 17.757821626068218], [83.2639949305493, 17.75744953204636], [83.26533692781857, 17.758883458536907]]]}}, {"type": "Feature", "properties": {"h3": "893c930059bffff", "population": 0, "elderly_frac": 0.1, "hand_min_m": 0.0, "hand_deciles": [0.0, 1.03, 2.06, 3.62, 5.2, 6.23, 7.26, 8.45, 10.03, 12.01, 15.33], "cells": 127}, "geometry": {"type": "Polygon", "coordinates": [[[83.26131101443224, 17.75458166651894], [83.26073273289339, 17.75638769333331], [83.25881252956923, 17.756759760559664], [83.25747063820573, 17.75532582158959], [83.2580489226825, 17.753519815335128], [83.25996909558587, 17.75314772749054], [83.26131101443224, 17.75458166651894]]]}}, {"type": "Feature", "properties": {"h3": "893c93005a3ffff", "population": 0, "elderly_frac": 0.1, "hand_min_m": 0.0, "hand_deciles": [0.0, 0.0, 0.12, 0.45, 0.59, 0.69, 0.83, 0.97, 1.17, 1.3, 3.02], "cells": 126}, "geometry": {"type": "Polygon", "coordinates": [[[83.27359654509921, 17.755588690902734], [83.27301828029725, 17.75739482682753], [83.27109790740039, 17.757767021860165], [83.26975582972133, 17.75633310156613], [83.27033409747706, 17.754526986185898], [83.2722544399591, 17.754154770554855], [83.27359654509921, 17.755588690902734]]]}}, {"type": "Feature", "properties": {"h3": "893c93005a7ffff", "population": 0, "elderly_frac": 0.1, "hand_min_m": 0.0, "hand_deciles": [0.0, 0.0, 0.19, 0.32, 0.42, 0.6, 0.74, 0.88, 1.02, 1.31, 1.77], "cells": 100}, "geometry": {"type": "Polygon", "coordinates": [[[83.27685909562203, 17.756650362553042], [83.27628083377809, 17.75845651901764], [83.27436041090849, 17.758828740858416], [83.27301828029725, 17.75739482682753], [83.27359654509921, 17.755588690902734], [83.2755169375554, 17.755216448468747], [83.27685909562203, 17.756650362553042]]]}}, {"type": "Feature", "properties": {"h3": "893c93005abffff", "population": 0, "elderly_frac": 0.1, "hand_min_m": 0.0, "hand_deciles": [0.0, 0.5, 0.83, 1.11, 1.37, 1.53, 1.83, 2.07, 2.18, 2.39, 3.13], "cells": 62}, "geometry": {"type": "Polygon", "coordinates": [[[83.27283269981794, 17.752348607722528], [83.2722544399591, 17.754154770554855], [83.27033409747706, 17.754526986185898], [83.26899204526948, 17.753093059583584], [83.26957030808109, 17.751286917299357], [83.27149062014853, 17.75091468106907], [83.27283269981794, 17.752348607722528]]]}}, {"type": "Feature", "properties": {"h3": "893c93005afffff", "population": 0, "elderly_frac": 0.1, "hand_min_m": 0.0, "hand_deciles": [0.0, 0.0, 0.0, 0.0, 0.24, 0.31, 0.4, 0.63, 0.75, 0.91, 1.5], "cells": 36}, "geometry": {"type": "Polygon", "coordinates": [[[83.27609519445731, 17.753410265093073], [83.2755169375554, 17.755216448468747], [83.27359654509921, 17.755588690902734], [83.2722544399591, 17.754154770554855], [83.27283269981794, 17.752348607722528], [83.27475306186099, 17.751976344694466], [83.27609519445731, 17.753410265093073]]]}}, {"type": "Feature", "properties": {"h3": "893c93005b3ffff", "population": 0, "elderly_frac": 0.1, "hand_min_m": 0.0, "hand_deciles": [0.0, 0.0, 0.13, 0.48, 0.63, 0.86, 1.64, 3.4, 3.7, 4.45, 5.1], "cells": 115}, "geometry": {"type": "Polygon", "coordinates": [[[83.27109790740039, 17.757767021860165], [83.27051963470066, 17.759573110325896], [83.26859928137027, 17.75994525795213], [83.26725723115715, 17.758511337715078], [83.26783550680746, 17.756705269795088], [83.26975582972133, 17.75633310156613], [83.27109790740039, 17.757767021860165]]]}}, {"type": "Feature", "properties": {"h3": "893c93005b7ffff", "population": 0, "elderly_frac": 0.1, "hand_min_m": 0.25, "hand_deciles": [0.25, 1.45, 1.83, 1.89, 2.11, 2.29, 2.52, 2.72, 2.88, 3.1, 3.65], "cells": 59}, "geometry": {"type": "Polygon", "coordinates": [[[83.27436041090849, 17.758828740858416], [83.27378214116358, 17.760634849865138], [83.27186173785162, 17.761007024300245], [83.27051963470066, 17.759573110325896], [83.27109790740039, 17.757767021860165], [83.27301828029725, 17.75739482682753], [83.27436041090849, 17.758828740858416]]]}}, {"type": "Feature", "properties": {"h3": "893c93005bbffff", "population": 0, "elderly_frac": 0.1, "hand_min_m": 0.0, "hand_deciles": [0.0, 0.0, 0.21, 0.45, 0.68, 0.83, 1.43, 1.6, 1.93, 2.94, 3.36], "cells": 88}, "geometry": {"type": "Polygon", "coordinates": [[[83.27033409747706, 17.754526986185898], [83.26975582972133, 17.75633310156613], [83.26783550680746, 17.756705269795088], [83.26649348206661, 17.755271343247088], [83.26707175277188, 17.753465248416113], [83.26899204526948, 17.753093059583584], [83.27033409747706, 17.754526986185898]]]}}, {"type": "Feature", "properties": {"h3": "893c93005c3ffff", "population": 0, "elderly_frac": 0.1, "hand_min_m": 5.47, "hand_deciles": [5.47, 6.83, 8.2, 9.03, 10.48, 11.36, 12.35, 13.45, 14.58, 16.23, 18.48], "cells": 67}, "geometry": {"type": "Polygon", "coordinates": [[[83.25978375044826, 17.748101647850152], [83.25920547880384, 17.749907728461764], [83.257285336321, 17.75027983692546], [83.25594349590392, 17.748845885397234], [83.25652177048418, 17.747039825352623], [83.25844188254676, 17.746667696268965], [83.25978375044826, 17.748101647850152]]]}}, {"type": "Feature", "properties": {"h3": "893c93005c7ffff", "population": 0, "elderly_frac": 0.1, "hand_min_m": 0.0, "hand_deciles": [0.0, 0.7, 1.23, 1.77, 2.31, 2.91, 3.38, 3.94, 4.65, 5.56, 7.67], "cells": 97}, "geometry": {"type": "Polygon", "coordinates": [[[83.26304583337996, 17.749163437349537], [83.26246756467559, 17.75096953852342], [83.26054737217758, 17.751341673772277], [83.25920547880384, 17.749907728461764], [83.25978375044826, 17.748101647850152], [83.26170391252742, 17.747729491986515], [83.26304583337996, 17.749163437349537]]]}}, {"type": "Feature", "properties": {"h3": "893c93005d3ffff", "population": 0, "elderly_frac": 0.1, "hand_min_m": 13.71, "hand_deciles": [13.71, 17.44, 19.3, 21.18, 22.73, 24.0, 25.1, 26.9, 28.45, 30.18, 34.51], "cells": 128}, "geometry": {"type": "Polygon", "coordinates": [[[83.257285336321, 17.75027983692546], [83.25670705679242, 17.752085870080286], [83.25478693391304, 17.752457931138974], [83.25344512098526, 17.751023979666865], [83.25402340344651, 17.749217967080217], [83.25594349590392, 17.748845885397234], [83.257285336321, 17.75027983692546]]]}}, {"type": "Feature", "properties": {"h3": "893c93005d7ffff", "population": 0, "elderly_frac": 0.1, "hand_min_m": 3.83, "hand_deciles": [3.83, 5.87, 7.17, 8.6, 9.47, 10.37, 11.36, 12.27, 13.54, 15.14, 17.58], "cells": 127}, "geometry": {"type": "Polygon", "coordinates": [[[83.26054737217758, 17.751341673772277], [83.25996909558587, 17.75314772749054], [83.2580489226825, 17.753519815335128], [83.25670705679242, 17.752085870080286], [83.257285336321, 17.75027983692546], [83.25920547880384, 17.749907728461764], [83.26054737217758, 17.751341673772277]]]}}, {"type": "Feature", "properties": {"h3": "893c93005dbffff", "population": 0, "elderly_frac": 0.1, "hand_min_m": 19.5, "hand_deciles": [19.5, 21.15, 22.79, 24.27, 26.2, 26.84, 28.48, 29.79, 30.96, 32.59, 34.71], "cells": 41}, "geometry": {"type": "Polygon", "coordinates": [[[83.25652177048418, 17.747039825352623], [83.25594349590392, 17.748845885397234], [83.25402340344651, 17.749217967080217], [83.25268161599212, 17.747784009343455], [83.253259893504, 17.745977969870548], [83.2551799555397, 17.74560586756242], [83.25652177048418, 17.747039825352623]]]}}, {"type": "Feature", "properties": {"h3": "893c9300603ffff", "population": 0, "elderly_frac": 0.1, "hand_min_m": 0.0, "hand_deciles": [0.0, 0.6, 0.88, 1.3, 1.61, 2.0, 7.72, 8.21, 8.79, 9.43, 10.11], "cells": 124}, "geometry": {"type": "Polygon", "coordinates": [[[83.2406300021215, 17.71793322255824], [83.24005175837607, 17.719739435527345], [83.23813205945683, 17.72011160204444], [83.23679063470794, 17.718677576239713], [83.23736888136398, 17.716871383884865], [83.23928854985934, 17.716499196720203], [83.2406300021215, 17.71793322255824]]]}}, {"type": "Feature", "properties": {"h3": "893c9300607ffff", "population": 0, "elderly_frac": 0.1, "hand_min_m": 0.0, "hand_deciles": [0.0, 0.52, 1.06, 6.14, 6.57, 6.94, 7.18, 7.52, 7.88, 8.59, 9.28], "cells": 125}, "geometry": {"type": "Polygon", "coordinates": [[[83.24389122592605, 17.718995028399124], [83.24331298509543, 17.720801261977776], [83.24139323610869, 17.72117345522081], [83.24005175837607, 17.719739435527345], [83.2406300021215, 17.71793322255824], [83.24254972068579, 17.717561008672796], [83.24389122592605, 17.718995028399124]]]}}, {"type": "Feature", "properties": {"h3": "893c930060bffff", "population": 0, "elderly_frac": 0.1, "hand_min_m": 0.0, "hand_deciles": [0.0, 0.76, 1.94, 3.15, 4.08, 5.2, 6.13, 7.57, 8.82, 9.88, 11.28], "cells": 125}, "geometry": {"type": "Polygon", "coordinates": [[[83.23986678865198, 17.714692956966818], [83.23928854985934, 17.716499196720203], [83.23736888136398, 17.716871383884865], [83.23602748208593, 17.715437351944278], [83.23660572378813, 17.713631132808704], [83.23852536185986, 17.713258924995618], [83.23986678865198, 17.714692956966818]]]}}, {"type": "Feature", "properties": {"h3": "893c930060fffff", "population": 0, "elderly_frac": 0.1, "hand_min_m": 0.0, "hand_deciles": [0.0, 1.28, 2.23, 3.0, 4.21, 4.96, 5.72, 6.33, 6.58, 7.17, 8.19], "cells": 126}, "geometry": {"type": "Polygon", "coordinates": [[[83.24312795656465, 17.71575474830633], [83.24254972068579, 17.717561008672796], [83.2406300021215, 17.71793322255824], [83.23928854985934, 17.716499196720203], [83.23986678865198, 17.714692956966818], [83.24178647679405, 17.714320722438117], [83.24312795656465, 17.71575474830633]]]}}, {"type": "Feature", "properties": {"h3": "893c9300613ffff", "population": 0, "elderly_frac": 0.1, "hand_min_m": 0.0, "hand_deciles": [0.0, 1.23, 1.94, 2.93, 3.51, 4.22, 4.9, 5.43, 6.14, 7.02, 8.82], "cells": 125}, "geometry": {"type": "Polygon", "coordinates": [[[83.23813205945683, 17.72011160204444], [83.2375538078471, 17.721917767608012], [83.23563412858006, 17.722289886751714], [83.23429273134931, 17.72085586098344], [83.23487098586645, 17.71904971603529], [83.23679063470794, 17.718677576239713], [83.23813205945683, 17.72011160204444]]]}}, {"type": "Feature", "properties": {"h3": "893c9300617ffff", "population": 0, "elderly_frac": 0.1, "hand_min_m": 0.0, "hand_deciles": [0.0, 0.0, 0.09, 0.72, 0.94, 1.21, 1.54, 2.14, 2.73, 3.53, 4.69], "cells": 126}, "geometry": {"type": "Polygon", "coordinates": [[[83.24139323610869, 17.72117345522081], [83.2408149874106, 17.72297964139511], [83.23889525806723, 17.72335178726549], [83.2375538078471, 17.721917767608012], [83.23813205945683, 17.72011160204444], [83.24005175837607, 17.719739435527345], [83.24139323610869, 17.72117345522081]]]}}, {"type": "Feature", "properties": {"h3": "893c930061bffff", "population": 0, "elderly_frac": 0.1, "hand_min_m": 0.0, "hand_deciles": [0.0, 0.0, 0.71, 1.32, 2.07, 5.49, 10.39, 12.38, 13.85, 15.06, 18.35], "cells": 124}, "geometry": {"type": "Polygon", "coordinates": [[[83.23736888136398, 17.716871383884865], [83.23679063470794, 17.718677576239713], [83.23487098586645, 17.71904971603529], [83.23352961410733, 17.71761568412848], [83.23410786366975, 17.715809512392603], [83.23602748208593, 17.715437351944278], [83.23736888136398, 17.716871383884865]]]}}, {"type": "Feature", "properties": {"h3": "893c9300623ffff", "population": 0, "elderly_frac": 0.1, "hand_min_m": 1.89, "hand_deciles": [1.89, 3.89, 5.26, 5.96, 7.12, 8.05, 8.76, 9.56, 11.41, 12.88, 17.18], "cells": 123}, "geometry": {"type": "Polygon", "coordinates": [[[83.24965060147149, 17.717878232475105], [83.24907237143283, 17.71968453405355], [83.24715255276138, 17.720056801393902], [83.24581099454903, 17.71862278778845], [83.24638922750991, 17.716816506813636], [83.24830901576198, 17.71644421884037], [83.24965060147149, 17.717878232475105]]]}}, {"type": "Feature", "properties": {"h3": "893c9300627ffff", "population": 0, "elderly_frac": 0.1, "hand_min_m": 6.16, "hand_deciles": [6.16, 9.44, 11.14, 12.34, 13.66, 14.83, 15.4, 16.34, 17.16, 18.05, 19.56], "cells": 76}, "geometry": {"type": "Polygon", "coordinates": [[[83.25291207843316, 17.71893992527712], [83.2523338513209, 17.72074624745446], [83.25041398261125, 17.721118541528952], [83.24907237143283, 17.71968453405355], [83.24965060147149, 17.717878232475105], [83.25157043976321, 17.71750591777289], [83.25291207843316, 17.71893992527712]]]}}, {"type": "Feature", "properties": {"h3": "893c930062bffff", "population": 0, "elderly_frac": 0.1, "hand_min_m": 0.0, "hand_deciles": [0.0, 0.0, 0.2, 0.41, 0.7, 0.98, 1.29, 1.54, 2.07, 2.62, 4.27], "cells": 126}, "geometry": {"type": "Polygon", "coordinates": [[[83.24888724085085, 17.714637890477558], [83.24830901576198, 17.71644421884037], [83.24638922750991, 17.716816506813636], [83.24504769476685, 17.715382487057582], [83.24562592277688, 17.71357617930194], [83.24754568060983, 17.71320387069491], [83.24888724085085, 17.714637890477558]]]}}, {"type": "Feature", "properties": {"h3": "893c930062fffff", "population": 0, "elderly_frac": 0.1, "hand_min_m": 0.0, "hand_deciles": [0.0, 0.14, 1.17, 1.85, 2.38, 3.06, 3.95, 4.47, 5.46, 6.75, 9.54], "cells": 127}, "geometry": {"type": "Polygon", "coordinates": [[[83.25214866192668, 17.71569956880763], [83.25157043976321, 17.71750591777289], [83.24965060147149, 17.717878232475105], [83.24830901576198, 17.71644421884037], [83.24888724085085, 17.714637890477558], [83.25080704872488, 17.714265555146756], [83.25214866192668, 17.71569956880763]]]}}, {"type": "Feature", "properties": {"h3": "893c9300633ffff", "population": 0, "elderly_frac": 0.1, "hand_min_m": 0.49, "hand_deciles": [0.49, 3.25, 4.28, 4.89, 5.6, 5.91, 6.51, 7.68, 8.43, 9.57, 11.5], "cells": 127}, "geometry": {"type": "Polygon", "coordinates": [[[83.24715255276138, 17.720056801393902], [83.24657431484981, 17.721863055577344], [83.24465451580578, 17.722235275550805], [83.24331298509543, 17.720801261977776], [83.24389122592605, 17.718995028399124], [83.24581099454903, 17.71862278778845], [83.24715255276138, 17.720056801393902]]]}}, {"type": "Feature", "properties": {"h3": "893c9300637ffff", "population": 0, "elderly_frac": 0.1, "hand_min_m": 2.68, "hand_deciles": [2.68, 3.58, 4.01, 4.62, 5.36, 5.75, 6.02, 6.7, 7.42, 8.17, 9.0], "cells": 127}, "geometry": {"type": "Polygon", "coordinates": [[[83.25041398261125, 17.721118541528952], [83.24983574762292, 17.722924816312478], [83.24791589853187, 17.7232970630208], [83.24657431484981, 17.721863055577344], [83.24715255276138, 17.720056801393902], [83.24907237143283, 17.71968453405355], [83.25041398261125, 17.721118541528952]]]}}, {"type": "Feature", "properties": {"h3": "893c930063bffff", "population": 0, "elderly_frac": 0.1, "hand_min_m": 1.55, "hand_deciles": [1.55, 2.87, 3.67, 4.25, 4.65, 5.01, 5.36, 5.56, 5.79, 6.8, 11.27], "cells": 127}, "geometry": {"type": "Polygon", "coordinates": [[[83.24638922750991, 17.716816506813636], [83.24581099454903, 17.71862278778845], [83.24389122592605, 17.718995028399124], [83.24254972068579, 17.717561008672796], [83.24312795656465, 17.71575474830633], [83.24504769476685, 17.715382487057582], [83.24638922750991, 17.716816506813636]]]}}, {"type": "Feature", "properties": {"h3": "893c9300643ffff", "population": 0, "elderly_frac": 0.1, "hand_min_m": 0.0, "hand_deciles": [0.0, 0.0, 0.68, 0.94, 1.22, 1.78, 2.1, 2.68, 3.27, 4.65, 7.11], "cells": 125}, "geometry": {"type": "Polygon", "coordinates": [[[83.23584258672871, 17.71039084883791], [83.2352643499805, 17.712197094743672], [83.23334476198934, 17.712569275845595], [83.23200344117221, 17.711135231695934], [83.23258168082472, 17.70932900641624], [83.23450123839109, 17.708956804659852], [83.23584258672871, 17.71039084883791]]]}}, {"type": "Feature", "properties": {"h3": "893c9300647ffff", "population": 0, "elderly_frac": 0.1, "hand_min_m": 0.0, "hand_deciles": [0.0, 0.0, 0.0, 0.0, 0.0, 0.11, 0.57, 1.07, 1.55, 2.75, 5.31], "cells": 127}, "geometry": {"type": "Polygon", "coordinates": [[[83.23910359569956, 17.7114526584685], [83.23852536185986, 17.713258924995618], [83.23660572378813, 17.713631132808704], [83.2352643499805, 17.712197094743672], [83.23584258672871, 17.71039084883791], [83.23776219437707, 17.710018620375546], [83.23910359569956, 17.7114526584685]]]}}, {"type": "Feature", "properties": {"h3": "893c930064bffff", "population": 0, "elderly_frac": 0.1, "hand_min_m": 1.99, "hand_deciles": [1.99, 4.58, 5.86, 6.89, 7.86, 8.95, 9.9, 10.64, 11.35, 12.52, 14.49], "cells": 126}, "geometry": {"type": "Polygon", "coordinates": [[[83.23507947018518, 17.70715053199446], [83.23450123839109, 17.708956804659852], [83.23258168082472, 17.70932900641624], [83.23124038547797, 17.70789495616226], [83.23181862017532, 17.706088704126465], [83.23373814731717, 17.70571648171477], [83.23507947018518, 17.70715053199446]]]}}, {"type": "Feature", "properties": {"h3": "893c930064fffff", "population": 0, "elderly_frac": 0.1, "hand_min_m": 0.0, "hand_deciles": [0.0, 0.0, 0.66, 1.39, 1.97, 2.57, 3.07, 4.42, 5.97, 7.54, 9.83], "cells": 126}, "geometry": {"type": "Polygon", "coordinates": [[[83.23834042326371, 17.708212327085242], [83.23776219437707, 17.710018620375546], [83.23584258672871, 17.71039084883791], [83.23450123839109, 17.708956804659852], [83.23507947018518, 17.70715053199446], [83.23699904741045, 17.706778282881942], [83.23834042326371, 17.708212327085242]]]}}, {"type": "Feature", "properties": {"h3": "893c9300653ffff", "population": 0, "elderly_frac": 0.1, "hand_min_m": 1.85, "hand_deciles": [1.85, 5.48, 7.73, 9.53, 10.99, 12.62, 13.81, 15.12, 16.45, 18.03, 20.76], "cells": 126}, "geometry": {"type": "Polygon", "coordinates": [[[83.23334476198934, 17.712569275845595], [83.23276651738182, 17.71437547435865], [83.230846949055, 17.71474760809508], [83.22950565576323, 17.713313563976953], [83.23008390327186, 17.71150738609113], [83.23200344117221, 17.711135231695934], [83.23334476198934, 17.712569275845595]]]}}, {"type": "Feature", "properties": {"h3": "893c9300657ffff", "population": 0, "elderly_frac": 0.1, "hand_min_m": 0.0, "hand_deciles": [0.0, 1.12, 2.46, 4.46, 5.76, 7.42, 8.92, 10.12, 12.02, 13.09, 15.94], "cells": 126}, "geometry": {"type": "Polygon", "coordinates": [[[83.23660572378813, 17.713631132808704], [83.23602748208593, 17.715437351944278], [83.23410786366975, 17.715809512392603], [83.23276651738182, 17.71437547435865], [83.23334476198934, 17.712569275845595], [83.2352643499805, 17.712197094743672], [83.23660572378813, 17.713631132808704]]]}}, {"type": "Feature", "properties": {"h3": "893c930065bffff", "population": 0, "elderly_frac": 0.1, "hand_min_m": 0.0, "hand_deciles": [0.0, 0.0, 0.0, 0.71, 1.05, 1.46, 1.76, 2.31, 2.86, 3.67, 7.47], "cells": 123}, "geometry": {"type": "Polygon", "coordinates": [[[83.23258168082472, 17.70932900641624], [83.23200344117221, 17.711135231695934], [83.23008390327186, 17.71150738609113], [83.22874263545125, 17.71007333586599], [83.22932087800383, 17.70826713121708], [83.23124038547797, 17.70789495616226], [83.23258168082472, 17.70932900641624]]]}}, {"type": "Feature", "properties": {"h3": "893c9300663ffff", "population": 0, "elderly_frac": 0.1, "hand_min_m": 0.0, "hand_deciles": [0.0, 1.5, 2.85, 4.3, 5.45, 7.27, 8.39, 9.95, 11.38, 13.35, 16.04], "cells": 127}, "geometry": {"type": "Polygon", "coordinates": [[[83.24486263856173, 17.71033581888078], [83.2442844155027, 17.712142153406692], [83.24236470772105, 17.712514435294384], [83.2410232534197, 17.711080403295696], [83.24160147939462, 17.709274089385218], [83.24352115675603, 17.708901786857734], [83.24486263856173, 17.71033581888078]]]}}, {"type": "Feature", "properties": {"h3": "893c9300667ffff", "population": 0, "elderly_frac": 0.1, "hand_min_m": 1.6, "hand_deciles": [1.6, 3.25, 4.53, 6.49, 8.18, 9.63, 11.39, 13.24, 15.17, 16.79, 19.91], "cells": 128}, "geometry": {"type": "Polygon", "coordinates": [[[83.24812390074875, 17.71139751555829], [83.24754568060983, 17.71320387069491], [83.24562592277688, 17.71357617930194], [83.2442844155027, 17.712142153406692], [83.24486263856173, 17.71033581888078], [83.24678236597585, 17.70996348963913], [83.24812390074875, 17.71139751555829]]]}}, {"type": "Feature", "properties": {"h3": "893c930066bffff", "population": 0, "elderly_frac": 0.1, "hand_min_m": 7.86, "hand_deciles": [7.86, 9.81, 10.69, 11.78, 12.98, 13.94, 14.96, 15.8, 16.63, 18.22, 20.82], "cells": 127}, "geometry": {"type": "Polygon", "coordinates": [[[83.24409937486392, 17.707095425572106], [83.24352115675603, 17.708901786857734], [83.24160147939462, 17.709274089385218], [83.24026005056216, 17.707840051267464], [83.24083827158489, 17.70603371060082], [83.2427579185263, 17.705661387432684], [83.24409937486392, 17.707095425572106]]]}}, {"type": "Feature", "properties": {"h3": "893c930066fffff", "population": 0, "elderly_frac": 0.1, "hand_min_m": 14.83, "hand_deciles": [14.83, 17.18, 18.78, 19.97, 20.69, 21.84, 23.08, 23.62, 25.18, 26.43, 27.83], "cells": 128}, "geometry": {"type": "Polygon", "coordinates": [[[83.24736058116467, 17.70815710773924], [83.24678236597585, 17.70996348963913], [83.24486263856173, 17.71033581888078], [83.24352115675603, 17.708901786857734], [83.24409937486392, 17.707095425572106], [83.24601907185946, 17.706723075694967], [83.24736058116467, 17.70815710773924]]]}}, {"type": "Feature", "properties": {"h3": "893c9300673ffff", "population": 0, "elderly_frac": 0.1, "hand_min_m": 0.0, "hand_deciles": [0.0, 0.0, 0.0, 0.0, 0.0, 0.0, 0.0, 0.0, 0.0, 0.77, 2.1], "cells": 127}, "geometry": {"type": "Polygon", "coordinates": [[[83.24236470772105, 17.712514435294384], [83.24178647679405, 17.714320722438117], [83.23986678865198, 17.714692956966818], [83.23852536185986, 17.713258924995618], [83.23910359569956, 17.7114526584685], [83.2410232534197, 17.711080403295696], [83.24236470772105, 17.712514435294384]]]}}, {"type": "Feature", "properties": {"h3": "893c9300677ffff", "population": 0, "elderly_frac": 0.1, "hand_min_m": 0.0, "hand_deciles": [0.0, 0.0, 0.0, 0.0, 0.0, 0.12, 0.32, 0.67, 1.04, 1.58, 3.27], "cells": 128}, "geometry": {"type": "Polygon", "coordinates": [[[83.24562592277688, 17.71357617930194], [83.24504769476685, 17.715382487057582], [83.24312795656465, 17.71575474830633], [83.24178647679405, 17.714320722438117], [83.24236470772105, 17.712514435294384], [83.2442844155027, 17.712142153406692], [83.24562592277688, 17.71357617930194]]]}}, {"type": "Feature", "properties": {"h3": "893c930067bffff", "population": 0, "elderly_frac": 0.1, "hand_min_m": 0.0, "hand_deciles": [0.0, 0.22, 1.31, 1.92, 3.23, 4.09, 5.38, 5.99, 7.02, 8.36, 9.89], "cells": 128}, "geometry": {"type": "Polygon", "coordinates": [[[83.24160147939462, 17.709274089385218], [83.2410232534197, 17.711080403295696], [83.23910359569956, 17.7114526584685], [83.23776219437707, 17.710018620375546], [83.23834042326371, 17.708212327085242], [83.24026005056216, 17.707840051267464], [83.24160147939462, 17.709274089385218]]]}}, {"type": "Feature", "properties": {"h3": "893c9300683ffff", "population": 0, "elderly_frac": 0.1, "hand_min_m": 1.83, "hand_deciles": [1.83, 4.1, 5.14, 5.54, 6.47, 7.09, 7.68, 8.63, 9.64, 11.0, 13.15], "cells": 127}, "geometry": {"type": "Polygon", "coordinates": [[[83.23639729181109, 17.725530024519916], [83.23581902738492, 17.727336115860957], [83.23389933734967, 17.727708166970867], [83.23255794216912, 17.7262741473948], [83.23313620950057, 17.724468076666824], [83.23505586910831, 17.724096004901572], [83.23639729181109, 17.725530024519916]]]}}, {"type": "Feature", "properties": {"h3": "893c9300687ffff", "population": 0, "elderly_frac": 0.1, "hand_min_m": 0.0, "hand_deciles": [0.0, 0.0, 0.43, 0.86, 1.18, 1.5, 1.73, 2.17, 2.67, 3.32, 8.34], "cells": 126}, "geometry": {"type": "Polygon", "coordinates": [[[83.23965847719573, 17.726591939526056], [83.23908021567908, 17.728398051475438], [83.2371604755601, 17.72877012931793], [83.23581902738492, 17.727336115860957], [83.23639729181109, 17.725530024519916], [83.23831700150396, 17.72515792602723], [83.23965847719573, 17.726591939526056]]]}}, {"type": "Feature", "properties": {"h3": "893c930068bffff", "population": 0, "elderly_frac": 0.1, "hand_min_m": 0.0, "hand_deciles": [0.0, 1.2, 2.22, 3.61, 4.66, 5.4, 6.4, 7.16, 8.56, 9.94, 13.25], "cells": 127}, "geometry": {"type": "Polygon", "coordinates": [[[83.23563412858006, 17.722289886751714], [83.23505586910831, 17.724096004901572], [83.23313620950057, 17.724468076666824], [83.23179483979284, 17.723034050938136], [83.2323731021688, 17.721227953404885], [83.23429273134931, 17.72085586098344], [83.23563412858006, 17.722289886751714]]]}}, {"type": "Feature", "properties": {"h3": "893c930068fffff", "population": 0, "elderly_frac": 0.1, "hand_min_m": 0.0, "hand_deciles": [0.0, 0.0, 0.79, 1.21, 1.79, 2.51, 3.64, 5.46, 8.0, 9.16, 12.09], "cells": 127}, "geometry": {"type": "Polygon", "coordinates": [[[83.23889525806723, 17.72335178726549], [83.23831700150396, 17.72515792602723], [83.23639729181109, 17.725530024519916], [83.23505586910831, 17.724096004901572], [83.23563412858006, 17.722289886751714], [83.2375538078471, 17.721917767608012], [83.23889525806723, 17.72335178726549]]]}}, {"type": "Feature", "properties": {"h3": "893c9300693ffff", "population": 0, "elderly_frac": 0.1, "hand_min_m": 8.29, "hand_deciles": [8.29, 11.3, 13.26, 14.22, 15.54, 16.25, 17.63, 18.59, 19.82, 21.57, 27.04], "cells": 128}, "geometry": {"type": "Polygon", "coordinates": [[[83.23389933734967, 17.727708166970867], [83.23332106506288, 17.729514210883032], [83.23140139469238, 17.729886214605166], [83.2300600270389, 17.7284521950745], [83.23063830222782, 17.726646171776594], [83.23255794216912, 17.7262741473948], [83.23389933734967, 17.727708166970867]]]}}, {"type": "Feature", "properties": {"h3": "893c9300697ffff", "population": 0, "elderly_frac": 0.1, "hand_min_m": 0.22, "hand_deciles": [0.22, 2.91, 4.78, 6.08, 6.95, 7.57, 8.56, 9.19, 10.25, 11.86, 13.27], "cells": 127}, "geometry": {"type": "Polygon", "coordinates": [[[83.2371604755601, 17.72877012931793], [83.23658220617965, 17.730576193839617], [83.23466248571664, 17.73094822429507], [83.23332106506288, 17.729514210883032], [83.23389933734967, 17.727708166970867], [83.23581902738492, 17.727336115860957], [83.2371604755601, 17.72877012931793]]]}}, {"type": "Feature", "properties": {"h3": "893c930069bffff", "population": 0, "elderly_frac": 0.1, "hand_min_m": 5.0, "hand_deciles": [5.0, 8.5, 11.37, 13.02, 13.95, 15.2, 16.66, 17.86, 20.38, 22.33, 25.76], "cells": 128}, "geometry": {"type": "Polygon", "coordinates": [[[83.23313620950057, 17.724468076666824], [83.23255794216912, 17.7262741473948], [83.23063830222782, 17.726646171776594], [83.22929696004792, 17.725212146090616], [83.22987523028044, 17.72340609598042], [83.23179483979284, 17.723034050938136], [83.23313620950057, 17.724468076666824]]]}}, {"type": "Feature", "properties": {"h3": "893c93006a3ffff", "population": 0, "elderly_frac": 0.1, "hand_min_m": 0.0, "hand_deciles": [0.0, 0.0, 0.22, 0.53, 0.71, 0.94, 1.28, 1.51, 2.04, 2.54, 4.42], "cells": 123}, "geometry": {"type": "Polygon", "coordinates": [[[83.2454178262044, 17.725475489739434], [83.24483957547072, 17.727281669710788], [83.24291976563828, 17.72765382167164], [83.2415782369635, 17.72621981430152], [83.24215649061408, 17.724413654932604], [83.24407627002356, 17.72404148233108], [83.2454178262044, 17.725475489739434]]]}}, {"type": "Feature", "properties": {"h3": "893c93006a7ffff", "population": 0, "elderly_frac": 0.1, "hand_min_m": 0.0, "hand_deciles": [0.0, 0.0, 0.34, 0.68, 0.98, 1.33, 1.5, 1.81, 2.21, 2.59, 4.54], "cells": 124}, "geometry": {"type": "Polygon", "coordinates": [[[83.2486792648219, 17.72653729167236], [83.24810101700936, 17.728343492241432], [83.24618115712246, 17.72871567094303], [83.24483957547072, 17.727281669710788], [83.2454178262044, 17.725475489739434], [83.24733765566972, 17.725103290402327], [83.2486792648219, 17.72653729167236]]]}}, {"type": "Feature", "properties": {"h3": "893c93006abffff", "population": 0, "elderly_frac": 0.1, "hand_min_m": 0.0, "hand_deciles": [0.0, 0.0, 0.37, 0.81, 1.13, 1.3, 1.91, 2.14, 2.56, 3.16, 6.39], "cells": 126}, "geometry": {"type": "Polygon", "coordinates": [[[83.24465451580578, 17.722235275550805], [83.24407627002356, 17.72404148233108], [83.24215649061408, 17.724413654932604], [83.2408149874106, 17.72297964139511], [83.24139323610869, 17.72117345522081], [83.24331298509543, 17.720801261977776], [83.24465451580578, 17.722235275550805]]]}}, {"type": "Feature", "properties": {"h3": "893c93006afffff", "population": 0, "elderly_frac": 0.1, "hand_min_m": 0.0, "hand_deciles": [0.0, 0.0, 0.45, 0.91, 1.14, 1.38, 1.8, 2.3, 2.83, 3.9, 6.05], "cells": 126}, "geometry": {"type": "Polygon", "coordinates": [[[83.24791589853187, 17.7232970630208], [83.24733765566972, 17.725103290402327], [83.2454178262044, 17.725475489739434], [83.24407627002356, 17.72404148233108], [83.24465451580578, 17.722235275550805], [83.24657431484981, 17.721863055577344], [83.24791589853187, 17.7232970630208]]]}}, {"type": "Feature", "properties": {"h3": "893c93006b3ffff", "population": 0, "elderly_frac": 0.1, "hand_min_m": 0.0, "hand_deciles": [0.0, 0.0, 0.26, 0.69, 1.02, 1.22, 1.73, 2.44, 3.3, 6.15, 8.33], "cells": 126}, "geometry": {"type": "Polygon", "coordinates": [[[83.24291976563828, 17.72765382167164], [83.24234150703535, 17.729459954224634], [83.2404217168429, 17.72983205880418], [83.23908021567908, 17.728398051475438], [83.23965847719573, 17.726591939526056], [83.2415782369635, 17.72621981430152], [83.24291976563828, 17.72765382167164]]]}}, {"type": "Feature", "properties": {"h3": "893c93006b7ffff", "population": 0, "elderly_frac": 0.1, "hand_min_m": 2.52, "hand_deciles": [2.52, 3.31, 3.61, 4.18, 4.45, 4.72, 4.98, 5.33, 5.64, 5.94, 7.32], "cells": 125}, "geometry": {"type": "Polygon", "coordinates": [[[83.24618115712246, 17.72871567094303], [83.2456029014375, 17.730521824094925], [83.24368306118178, 17.730893955415965], [83.24234150703535, 17.729459954224634], [83.24291976563828, 17.72765382167164], [83.24483957547072, 17.727281669710788], [83.24618115712246, 17.72871567094303]]]}}, {"type": "Feature", "properties": {"h3": "893c93006bbffff", "population": 0, "elderly_frac": 0.1, "hand_min_m": 0.0, "hand_deciles": [0.0, 0.0, 0.7, 1.32, 2.36, 3.08, 3.83, 4.05, 4.85, 5.57, 7.27], "cells": 125}, "geometry": {"type": "Polygon", "coordinates": [[[83.24215649061408, 17.724413654932604], [83.2415782369635, 17.72621981430152], [83.23965847719573, 17.726591939526056], [83.23831700150396, 17.72515792602723], [83.23889525806723, 17.72335178726549], [83.2408149874106, 17.72297964139511], [83.24215649061408, 17.724413654932604]]]}}, {"type": "Feature", "properties": {"h3": "893c93006c3ffff", "population": 0, "elderly_frac": 0.1, "hand_min_m": 4.33, "hand_deciles": [4.33, 7.51, 9.93, 11.34, 13.08, 14.61, 16.26, 17.52, 20.16, 26.1, 30.23], "cells": 126}, "geometry": {"type": "Polygon", "coordinates": [[[83.2316100153538, 17.717987797206977], [83.23103175793345, 17.719793921534976], [83.22911217884973, 17.72016598723862], [83.22777088761579, 17.718731949276247], [83.22834914793512, 17.716925845573133], [83.23026869659044, 17.71655375920725], [83.2316100153538, 17.717987797206977]]]}}, {"type": "Feature", "properties": {"h3": "893c93006c7ffff", "population": 0, "elderly_frac": 0.1, "hand_min_m": 0.0, "hand_deciles": [0.0, 0.87, 1.88, 2.89, 4.18, 7.95, 9.52, 11.42, 13.38, 16.52, 22.99], "cells": 126}, "geometry": {"type": "Polygon", "coordinates": [[[83.23487098586645, 17.71904971603529], [83.23429273134931, 17.72085586098344], [83.2323731021688, 17.721227953404885], [83.23103175793345, 17.719793921534976], [83.2316100153538, 17.717987797206977], [83.23352961410733, 17.71761568412848], [83.23487098586645, 17.71904971603529]]]}}, {"type": "Feature", "properties": {"h3": "893c93006cbffff", "population": 0, "elderly_frac": 0.1, "hand_min_m": 0.0, "hand_deciles": [0.0, 2.91, 4.82, 7.71, 19.14, 21.97, 23.2, 24.78, 26.72, 29.45, 34.88], "cells": 127}, "geometry": {"type": "Polygon", "coordinates": [[[83.230846949055, 17.71474760809508], [83.23026869659044, 17.71655375920725], [83.22834914793512, 17.716925845573133], [83.22700788217352, 17.71549180148967], [83.22758613753604, 17.71368567100592], [83.22950565576323, 17.713313563976953], [83.230846949055, 17.71474760809508]]]}}, {"type": "Feature", "properties": {"h3": "893c93006cfffff", "population": 0, "elderly_frac": 0.1, "hand_min_m": 0.0, "hand_deciles": [0.0, 0.58, 1.73, 2.96, 4.24, 6.56, 11.69, 18.2, 19.97, 22.0, 24.66], "cells": 125}, "geometry": {"type": "Polygon", "coordinates": [[[83.23410786366975, 17.715809512392603], [83.23352961410733, 17.71761568412848], [83.2316100153538, 17.717987797206977], [83.23026869659044, 17.71655375920725], [83.230846949055, 17.71474760809508], [83.23276651738182, 17.71437547435865], [83.23410786366975, 17.715809512392603]]]}}, {"type": "Feature", "properties": {"h3": "893c93006d3ffff", "population": 0, "elderly_frac": 0.1, "hand_min_m": 16.03, "hand_deciles": [16.03, 20.31, 22.61, 25.2, 27.98, 30.0, 31.77, 33.77, 35.09, 37.71, 46.52], "cells": 127}, "geometry": {"type": "Polygon", "coordinates": [[[83.22911217884973, 17.72016598723862], [83.22853391357373, 17.721972064150542], [83.22661435416694, 17.722344082474315], [83.22527309046728, 17.720910044552422], [83.22585135863908, 17.71910398826656], [83.22777088761579, 17.718731949276247], [83.22911217884973, 17.72016598723862]]]}}, {"type": "Feature", "properties": {"h3": "893c93006d7ffff", "population": 0, "elderly_frac": 0.1, "hand_min_m": 6.44, "hand_deciles": [6.44, 9.48, 12.89, 15.15, 17.05, 19.05, 20.69, 22.44, 24.81, 27.26, 31.17], "cells": 128}, "geometry": {"type": "Polygon", "coordinates": [[[83.2323731021688, 17.721227953404885], [83.23179483979284, 17.723034050938136], [83.22987523028044, 17.72340609598042], [83.22853391357373, 17.721972064150542], [83.22911217884973, 17.72016598723862], [83.23103175793345, 17.719793921534976], [83.2323731021688, 17.721227953404885]]]}}, {"type": "Feature", "properties": {"h3": "893c93006dbffff", "population": 0, "elderly_frac": 0.1, "hand_min_m": 8.64, "hand_deciles": [8.64, 12.27, 14.72, 17.95, 20.75, 22.59, 24.3, 26.0, 29.84, 36.46, 42.88], "cells": 128}, "geometry": {"type": "Polygon", "coordinates": [[[83.22834914793512, 17.716925845573133], [83.22777088761579, 17.718731949276247], [83.22585135863908, 17.71910398826656], [83.22451012041253, 17.717669944220884], [83.22508838362663, 17.71586386114738], [83.22700788217352, 17.71549180148967], [83.22834914793512, 17.716925845573133]]]}}, {"type": "Feature", "properties": {"h3": "893c9301187ffff", "population": 0, "elderly_frac": 0.1, "hand_min_m": 9.41, "hand_deciles": [9.41, 10.15, 10.48, 10.5, 10.51, 10.87, 11.27, 11.43, 11.48, 12.26, 14.03], "cells": 8}, "geometry": {"type": "Polygon", "coordinates": [[[83.25180098192313, 17.68865787803245], [83.2512228101498, 17.69046450886866], [83.24930314553372, 17.690837062637108], [83.24796168310448, 17.689403006195015], [83.24853985780224, 17.687596395983714], [83.25045949200583, 17.687223821589313], [83.25180098192313, 17.68865787803245]]]}}, {"type": "Feature", "properties": {"h3": "893c9301197ffff", "population": 0, "elderly_frac": 0.1, "hand_min_m": 18.47, "hand_deciles": [18.47, 18.47, 18.47, 18.47, 18.47, 18.47, 18.47, 18.47, 18.47, 18.47, 18.47], "cells": 1}, "geometry": {"type": "Polygon", "coordinates": [[[83.24930314553372, 17.690837062637108], [83.24872496588691, 17.69264364615193], [83.2468053208886, 17.693016152598844], [83.24546388595229, 17.691582096160936], [83.24604206852035, 17.689775533272204], [83.24796168310448, 17.689403006195015], [83.24930314553372, 17.690837062637108]]]}}, {"type": "Feature", "properties": {"h3": "893c93011a7ffff", "population": 0, "elderly_frac": 0.1, "hand_min_m": 0.0, "hand_deciles": [0.0, 0.0, 0.0, 0.0, 0.16, 0.84, 0.91, 1.14, 1.5, 1.93, 2.06], "cells": 19}, "geometry": {"type": "Polygon", "coordinates": [[[83.26082148132855, 17.68860136997042], [83.26024332329882, 17.69040808935309], [83.25832353905649, 17.690780743832352], [83.25698194325294, 17.689346699539993], [83.2575601042187, 17.687540000771588], [83.25947985805303, 17.68716732568104], [83.26082148132855, 17.68860136997042]]]}}, {"type": "Feature", "properties": {"h3": "893c93011b3ffff", "population": 0, "elderly_frac": 0.1, "hand_min_m": 0.0, "hand_deciles": [0.0, 2.39, 3.83, 4.7, 5.51, 6.59, 7.2, 8.51, 9.12, 9.6, 10.63], "cells": 68}, "geometry": {"type": "Polygon", "coordinates": [[[83.25506220901329, 17.68971932731987], [83.25448404016862, 17.691525978776248], [83.2525643255308, 17.691898559240403], [83.2512228101498, 17.69046450886866], [83.25180098192313, 17.68865787803245], [83.25372066614985, 17.688285276947532], [83.25506220901329, 17.68971932731987]]]}}, {"type": "Feature", "properties": {"h3": "893c93011b7ffff", "population": 0, "elderly_frac": 0.1, "hand_min_m": 0.0, "hand_deciles": [0.0, 0.12, 1.46, 2.53, 3.46, 4.53, 5.89, 8.65, 10.51, 12.82, 17.96], "cells": 113}, "geometry": {"type": "Polygon", "coordinates": [[[83.25832353905649, 17.690780743832352], [83.25774537314467, 17.692587415904185], [83.2558256084954, 17.692960023068462], [83.25448404016862, 17.691525978776248], [83.25506220901329, 17.68971932731987], [83.25698194325294, 17.689346699539993], [83.25832353905649, 17.690780743832352]]]}}, {"type": "Feature", "properties": {"h3": "893c9301407ffff", "population": 0, "elderly_frac": 0.1, "hand_min_m": 13.41, "hand_deciles": [13.41, 15.23, 15.99, 16.67, 17.52, 18.58, 19.52, 20.19, 21.47, 22.14, 23.62], "cells": 30}, "geometry": {"type": "Polygon", "coordinates": [[[83.21572510804101, 17.688879761736075], [83.21514688161174, 17.690686038068293], [83.21322769633353, 17.69105818909125], [83.21188676791617, 17.689624084466324], [83.21246499722342, 17.687817828801517], [83.21438415207108, 17.687445657093956], [83.21572510804101, 17.688879761736075]]]}}, {"type": "Feature", "properties": {"h3": "893c9301413ffff", "population": 0, "elderly_frac": 0.1, "hand_min_m": 0.0, "hand_deciles": [0.0, 0.61, 1.09, 1.37, 1.65, 1.8, 2.11, 2.64, 3.12, 3.85, 5.04], "cells": 77}, "geometry": {"type": "Polygon", "coordinates": [[[83.20996763278693, 17.68999620883066], [83.20938939564387, 17.691802417130713], [83.2074702802402, 17.69217449414678], [83.20612943241423, 17.690740383556594], [83.20670767242788, 17.688934195929825], [83.20862675739794, 17.688562098219695], [83.20996763278693, 17.68999620883066]]]}}, {"type": "Feature", "properties": {"h3": "893c9301417ffff", "population": 0, "elderly_frac": 0.1, "hand_min_m": 4.66, "hand_deciles": [4.66, 5.83, 6.69, 7.63, 8.82, 9.58, 10.58, 11.69, 12.57, 13.62, 15.03], "cells": 103}, "geometry": {"type": "Polygon", "coordinates": [[[83.21322769633353, 17.69105818909125], [83.2126494620653, 17.6928644180599], [83.21073029650385, 17.69323652173532], [83.20938939564387, 17.691802417130713], [83.20996763278693, 17.68999620883066], [83.21188676791617, 17.689624084466324], [83.21322769633353, 17.69105818909125]]]}}, {"type": "Feature", "properties": {"h3": "893c9301427ffff", "population": 0, "elderly_frac": 0.1, "hand_min_m": 48.47, "hand_deciles": [48.47, 51.1, 52.49, 53.67, 54.88, 56.42, 57.31, 59.08, 59.69, 60.4, 62.26], "cells": 28}, "geometry": {"type": "Polygon", "coordinates": [[[83.22474315718145, 17.688824912930325], [83.2241649443684, 17.690631277936227], [83.22224563913083, 17.691003529630855], [83.2209045771334, 17.68956943698923], [83.22148279283603, 17.687763092640115], [83.22340206764756, 17.68739082027554], [83.22474315718145, 17.688824912930325]]]}}, {"type": "Feature", "properties": {"h3": "893c9301433ffff", "population": 0, "elderly_frac": 0.1, "hand_min_m": 24.07, "hand_deciles": [24.07, 25.37, 26.31, 27.18, 27.81, 28.58, 29.04, 29.9, 30.28, 30.65, 31.76], "cells": 79}, "geometry": {"type": "Polygon", "coordinates": [[[83.21898532201556, 17.68994166201704], [83.2184070984685, 17.69174795901196], [83.21648786305151, 17.69212013669801], [83.21514688161174, 17.690686038068293], [83.21572510804101, 17.688879761736075], [83.21764431302888, 17.68850756337059], [83.21898532201556, 17.68994166201704]]]}}, {"type": "Feature", "properties": {"h3": "893c9301437ffff", "population": 0, "elderly_frac": 0.1, "hand_min_m": 30.32, "hand_deciles": [30.32, 37.39, 59.82, 61.47, 62.58, 63.55, 64.68, 65.41, 65.91, 67.26, 69.82], "cells": 120}, "geometry": {"type": "Polygon", "coordinates": [[[83.22224563913083, 17.691003529630855], [83.22166741847019, 17.692809847283726], [83.21974813292465, 17.693182051637294], [83.2184070984685, 17.69174795901196], [83.21898532201556, 17.68994166201704], [83.2209045771334, 17.68956943698923], [83.22224563913083, 17.691003529630855]]]}}, {"type": "Feature", "properties": {"h3": "893c9301483ffff", "population": 0, "elderly_frac": 0.1, "hand_min_m": 0.0, "hand_deciles": [0.0, 0.2, 0.52, 0.66, 0.75, 0.86, 0.99, 1.08, 1.33, 1.44, 2.53], "cells": 127}, "geometry": {"type": "Polygon", "coordinates": [[[83.20823290856136, 17.695414759655026], [83.20765465862202, 17.697220893872004], [83.20573553251548, 17.6975929028372], [83.20439468678485, 17.6961587982827], [83.20497293959265, 17.69435268473665], [83.20689203526364, 17.69398065507391], [83.20823290856136, 17.695414759655026]]]}}, {"type": "Feature", "properties": {"h3": "893c9301487ffff", "population": 0, "elderly_frac": 0.1, "hand_min_m": 0.22, "hand_deciles": [0.22, 0.84, 1.39, 1.74, 2.22, 2.55, 3.2, 3.76, 4.61, 5.04, 6.71], "cells": 127}, "geometry": {"type": "Polygon", "coordinates": [[[83.2114929807303, 17.696476801919015], [83.21091473366363, 17.698282956802192], [83.20899555739192, 17.69865499243264], [83.20765465862202, 17.697220893872004], [83.20823290856136, 17.695414759655026], [83.21015205439893, 17.695042703332213], [83.2114929807303, 17.696476801919015]]]}}, {"type": "Feature", "properties": {"h3": "893c930148bffff", "population": 0, "elderly_frac": 0.1, "hand_min_m": 0.0, "hand_deciles": [0.0, 0.18, 0.31, 0.47, 0.84, 1.11, 1.28, 1.45, 1.62, 1.75, 2.1], "cells": 127}, "geometry": {"type": "Polygon", "coordinates": [[[83.2074702802402, 17.69217449414678], [83.20689203526364, 17.69398065507391], [83.20497293959265, 17.69435268473665], [83.20363211933457, 17.692918574170392], [83.20421036717856, 17.69111243391773], [83.20612943241423, 17.690740383556594], [83.2074702802402, 17.69217449414678]]]}}, {"type": "Feature", "properties": {"h3": "893c930148fffff", "population": 0, "elderly_frac": 0.1, "hand_min_m": 0.47, "hand_deciles": [0.47, 1.52, 1.77, 2.1, 2.47, 2.91, 3.3, 3.97, 4.4, 5.33, 6.93], "cells": 125}, "geometry": {"type": "Polygon", "coordinates": [[[83.21073029650385, 17.69323652173532], [83.21015205439893, 17.695042703332213], [83.20823290856136, 17.695414759655026], [83.20689203526364, 17.69398065507391], [83.2074702802402, 17.69217449414678], [83.20938939564387, 17.691802417130713], [83.21073029650385, 17.69323652173532]]]}}, {"type": "Feature", "properties": {"h3": "893c9301493ffff", "population": 0, "elderly_frac": 0.1, "hand_min_m": 0.25, "hand_deciles": [0.25, 1.5, 2.24, 2.79, 3.22, 3.57, 3.86, 4.22, 4.55, 4.89, 5.68], "cells": 128}, "geometry": {"type": "Polygon", "coordinates": [[[83.20573553251548, 17.6975929028372], [83.20515727474401, 17.699398989666058], [83.20323816837559, 17.699770951268587], [83.20189735021691, 17.698336846743835], [83.20247561085367, 17.696530780587082], [83.20439468678485, 17.6961587982827], [83.20573553251548, 17.6975929028372]]]}}, {"type": "Feature", "properties": {"h3": "893c9301497ffff", "population": 0, "elderly_frac": 0.1, "hand_min_m": 0.0, "hand_deciles": [0.0, 0.0, 0.39, 0.69, 1.0, 1.29, 1.47, 1.59, 1.83, 2.11, 2.87], "cells": 127}, "geometry": {"type": "Polygon", "coordinates": [[[83.20899555739192, 17.69865499243264], [83.20841730248995, 17.70046109992889], [83.20649814594758, 17.700833088197395], [83.20515727474401, 17.699398989666058], [83.20573553251548, 17.6975929028372], [83.20765465862202, 17.697220893872004], [83.20899555739192, 17.69865499243264]]]}}, {"type": "Feature", "properties": {"h3": "893c930149bffff", "population": 0, "elderly_frac": 0.1, "hand_min_m": 0.53, "hand_deciles": [0.53, 1.54, 1.7, 1.94, 2.1, 2.34, 2.68, 3.05, 3.47, 4.05, 5.14], "cells": 126}, "geometry": {"type": "Polygon", "coordinates": [[[83.20497293959265, 17.69435268473665], [83.20439468678485, 17.6961587982827], [83.20247561085367, 17.696530780587082], [83.20113481816831, 17.695096670047885], [83.20171307384038, 17.6932905771775], [83.20363211933457, 17.692918574170392], [83.20497293959265, 17.69435268473665]]]}}, {"type": "Feature", "properties": {"h3": "893c93014a3ffff", "population": 0, "elderly_frac": 0.1, "hand_min_m": 13.32, "hand_deciles": [13.32, 15.8, 17.15, 18.69, 19.86, 21.55, 23.03, 24.63, 25.79, 28.87, 34.06], "cells": 125}, "geometry": {"type": "Polygon", "coordinates": [[[83.21725063857231, 17.69536047893641], [83.21667240222332, 17.697166701858677], [83.21475315608323, 17.697538811514985], [83.21341217672422, 17.696104718931664], [83.2139904159533, 17.694298516669722], [83.21590963166231, 17.69392638633051], [83.21725063857231, 17.69536047893641]]]}}, {"type": "Feature", "properties": {"h3": "893c93014a7ffff", "population": 0, "elderly_frac": 0.1, "hand_min_m": 21.29, "hand_deciles": [21.29, 25.3, 28.88, 36.4, 39.24, 41.41, 43.82, 50.09, 54.06, 58.97, 63.85], "cells": 126}, "geometry": {"type": "Polygon", "coordinates": [[[83.22051096434471, 17.696422408521745], [83.21993273088, 17.6982286520996], [83.21801343460398, 17.69860078842934], [83.21667240222332, 17.697166701858677], [83.21725063857231, 17.69536047893641], [83.21916990441869, 17.694988321928946], [83.22051096434471, 17.696422408521745]]]}}, {"type": "Feature", "properties": {"h3": "893c93014abffff", "population": 0, "elderly_frac": 0.1, "hand_min_m": 14.9, "hand_deciles": [14.9, 16.57, 17.66, 18.55, 19.37, 20.56, 21.67, 22.54, 23.43, 24.65, 27.69], "cells": 123}, "geometry": {"type": "Polygon", "coordinates": [[[83.21648786305151, 17.69212013669801], [83.21590963166231, 17.69392638633051], [83.2139904159533, 17.694298516669722], [83.2126494620653, 17.6928644180599], [83.21322769633353, 17.69105818909125], [83.21514688161174, 17.690686038068293], [83.21648786305151, 17.69212013669801]]]}}, {"type": "Feature", "properties": {"h3": "893c93014afffff", "population": 0, "elderly_frac": 0.1, "hand_min_m": 23.23, "hand_deciles": [23.23, 26.98, 28.23, 29.66, 31.12, 32.54, 33.9, 35.22, 36.51, 59.55, 63.49], "cells": 125}, "geometry": {"type": "Polygon", "coordinates": [[[83.21974813292465, 17.693182051637294], [83.21916990441869, 17.694988321928946], [83.21725063857231, 17.69536047893641], [83.21590963166231, 17.69392638633051], [83.21648786305151, 17.69212013669801], [83.2184070984685, 17.69174795901196], [83.21974813292465, 17.693182051637294]]]}}, {"type": "Feature", "properties": {"h3": "893c93014b3ffff", "population": 0, "elderly_frac": 0.1, "hand_min_m": 4.94, "hand_deciles": [4.94, 6.54, 7.56, 8.79, 9.66, 10.44, 11.2, 12.47, 13.54, 14.88, 22.95], "cells": 128}, "geometry": {"type": "Polygon", "coordinates": [[[83.21475315608323, 17.697538811514985], [83.21417491189348, 17.69934498705967], [83.2122556854668, 17.69971704935981], [83.21091473366363, 17.698282956802192], [83.2114929807303, 17.696476801919015], [83.21341217672422, 17.696104718931664], [83.21475315608323, 17.697538811514985]]]}}, {"type": "Feature", "properties": {"h3": "893c93014b7ffff", "population": 0, "elderly_frac": 0.1, "hand_min_m": 9.06, "hand_deciles": [9.06, 12.03, 14.3, 15.19, 16.8, 17.65, 18.85, 19.94, 21.8, 27.82, 34.07], "cells": 126}, "geometry": {"type": "Polygon", "coordinates": [[[83.21801343460398, 17.69860078842934], [83.21743519329533, 17.70040698463079], [83.21551591672392, 17.70077907360508], [83.21417491189348, 17.69934498705967], [83.21475315608323, 17.697538811514985], [83.21667240222332, 17.697166701858677], [83.21801343460398, 17.69860078842934]]]}}, {"type": "Feature", "properties": {"h3": "893c93014bbffff", "population": 0, "elderly_frac": 0.1, "hand_min_m": 5.01, "hand_deciles": [5.01, 6.98, 7.56, 8.31, 9.15, 10.03, 11.02, 12.05, 12.93, 14.01, 16.11], "cells": 126}, "geometry": {"type": "Polygon", "coordinates": [[[83.2139904159533, 17.694298516669722], [83.21341217672422, 17.696104718931664], [83.2114929807303, 17.696476801919015], [83.21015205439893, 17.695042703332213], [83.21073029650385, 17.69323652173532], [83.2126494620653, 17.6928644180599], [83.2139904159533, 17.694298516669722]]]}}, {"type": "Feature", "properties": {"h3": "893c93014c7ffff", "population": 0, "elderly_frac": 0.1, "hand_min_m": 0.0, "hand_deciles": [0.0, 0.0, 0.31, 0.41, 0.48, 0.53, 0.54, 0.59, 0.69, 0.75, 0.83], "cells": 10}, "geometry": {"type": "Polygon", "coordinates": [[[83.20670767242788, 17.688934195929825], [83.20612943241423, 17.690740383556594], [83.20421036717856, 17.69111243391773], [83.20286957239259, 17.689678317351106], [83.20344781527263, 17.687872150402377], [83.20536685007326, 17.68750007934197], [83.20670767242788, 17.688934195929825]]]}}, {"type": "Feature", "properties": {"h3": "893c93014d3ffff", "population": 0, "elderly_frac": 0.1, "hand_min_m": 4.16, "hand_deciles": [4.16, 4.28, 4.41, 4.56, 4.88, 4.98, 5.01, 5.11, 5.17, 5.24, 5.35], "cells": 8}, "geometry": {"type": "Polygon", "coordinates": [[[83.20095055733513, 17.69005034106179], [83.20037230662793, 17.691856460635258], [83.19845331132072, 17.69222843699117], [83.19711259715989, 17.690794314482105], [83.19769085072608, 17.68898821559256], [83.19960981559515, 17.688616218527898], [83.20095055733513, 17.69005034106179]]]}}, {"type": "Feature", "properties": {"h3": "893c93014d7ffff", "population": 0, "elderly_frac": 0.1, "hand_min_m": 0.5, "hand_deciles": [0.5, 1.04, 1.31, 1.62, 1.9, 2.17, 2.52, 2.88, 3.26, 3.87, 4.37], "cells": 94}, "geometry": {"type": "Polygon", "coordinates": [[[83.20421036717856, 17.69111243391773], [83.20363211933457, 17.692918574170392], [83.20171307384038, 17.6932905771775], [83.20037230662793, 17.691856460635258], [83.20095055733513, 17.69005034106179], [83.20286957239259, 17.689678317351106], [83.20421036717856, 17.69111243391773]]]}}, {"type": "Feature", "properties": {"h3": "893c9301503ffff", "population": 0, "elderly_frac": 0.1, "hand_min_m": 0.0, "hand_deciles": [0.0, 0.62, 1.59, 2.34, 2.94, 3.85, 4.33, 5.03, 5.89, 6.69, 9.74], "cells": 127}, "geometry": {"type": "Polygon", "coordinates": [[[83.2352879386746, 17.695250673142], [83.23470972960182, 17.697057073379515], [83.23279024364429, 17.69742938444761], [83.23144899718264, 17.695995315931498], [83.23202720915872, 17.69418893633304], [83.23394666469419, 17.693816604611374], [83.2352879386746, 17.695250673142]]]}}, {"type": "Feature", "properties": {"h3": "893c9301507ffff", "population": 0, "elderly_frac": 0.1, "hand_min_m": 0.0, "hand_deciles": [0.0, 0.11, 0.36, 0.67, 0.85, 1.12, 1.35, 1.78, 2.14, 2.7, 3.53], "cells": 126}, "geometry": {"type": "Polygon", "coordinates": [[[83.23854877125011, 17.69631237721572], [83.23797056508481, 17.69811879808759], [83.23605102904983, 17.698491135845423], [83.23470972960182, 17.697057073379515], [83.2352879386746, 17.695250673142], [83.23720744428894, 17.694878314735753], [83.23854877125011, 17.69631237721572]]]}}, {"type": "Feature", "properties": {"h3": "893c930150bffff", "population": 0, "elderly_frac": 0.1, "hand_min_m": 0.0, "hand_deciles": [0.0, 2.27, 3.69, 4.54, 5.61, 6.43, 7.68, 9.06, 10.36, 11.74, 15.11], "cells": 127}, "geometry": {"type": "Polygon", "coordinates": [[[83.23452486881314, 17.692010177663427], [83.23394666469419, 17.693816604611374], [83.23202720915872, 17.69418893633304], [83.23068598816502, 17.692754861760914], [83.23126419518623, 17.690948455455583], [83.23318362029993, 17.690576103079493], [83.23452486881314, 17.692010177663427]]]}}, {"type": "Feature", "properties": {"h3": "893c930150fffff", "population": 0, "elderly_frac": 0.1, "hand_min_m": 0.0, "hand_deciles": [0.0, 0.0, 0.06, 0.53, 0.75, 0.95, 1.23, 1.59, 2.01, 2.46, 4.17], "cells": 128}, "geometry": {"type": "Polygon", "coordinates": [[[83.23778564550145, 17.69307186714992], [83.23720744428894, 17.694878314735753], [83.2352879386746, 17.695250673142], [83.23394666469419, 17.693816604611374], [83.23452486881314, 17.692010177663427], [83.2364443440071, 17.691637798607932], [83.23778564550145, 17.69307186714992]]]}}, {"type": "Feature", "properties": {"h3": "893c9301513ffff", "population": 0, "elderly_frac": 0.1, "hand_min_m": 0.69, "hand_deciles": [0.69, 3.5, 4.84, 6.36, 7.32, 8.38, 9.36, 10.49, 12.06, 14.42, 20.14], "cells": 128}, "geometry": {"type": "Polygon", "coordinates": [[[83.23279024364429, 17.69742938444761], [83.23221202671348, 17.699235737328625], [83.23029256041988, 17.699608001053534], [83.22895134148186, 17.698173932555044], [83.22952956131277, 17.696367600314286], [83.23144899718264, 17.695995315931498], [83.23279024364429, 17.69742938444761]]]}}, {"type": "Feature", "properties": {"h3": "893c9301517ffff", "population": 0, "elderly_frac": 0.1, "hand_min_m": 0.0, "hand_deciles": [0.0, 0.5, 1.08, 1.71, 2.37, 2.84, 3.38, 4.09, 5.02, 6.14, 8.16], "cells": 127}, "geometry": {"type": "Polygon", "coordinates": [[[83.23605102904983, 17.698491135845423], [83.23547281502337, 17.700297509361967], [83.23355329864351, 17.70066979977734], [83.23221202671348, 17.699235737328625], [83.23279024364429, 17.69742938444761], [83.23470972960182, 17.697057073379515], [83.23605102904983, 17.698491135845423]]]}}, {"type": "Feature", "properties": {"h3": "893c930151bffff", "population": 0, "elderly_frac": 0.1, "hand_min_m": 3.61, "hand_deciles": [3.61, 6.08, 7.6, 9.73, 11.54, 13.12, 14.61, 16.09, 17.35, 19.54, 25.59], "cells": 128}, "geometry": {"type": "Polygon", "coordinates": [[[83.23202720915872, 17.69418893633304], [83.23144899718264, 17.695995315931498], [83.22952956131277, 17.696367600314286], [83.22818836784347, 17.694933525757104], [83.22876658271862, 17.693127166802455], [83.23068598816502, 17.692754861760914], [83.23202720915872, 17.69418893633304]]]}}, {"type": "Feature", "properties": {"h3": "893c9301523ffff", "population": 0, "elderly_frac": 0.1, "hand_min_m": 1.04, "hand_deciles": [1.04, 2.3, 2.94, 3.6, 4.02, 4.89, 5.42, 6.2, 6.93, 8.0, 9.9], "cells": 124}, "geometry": {"type": "Polygon", "coordinates": [[[83.24430750799718, 17.695195147904414], [83.24372931261027, 17.697001636751875], [83.24180970686892, 17.697374048540585], [83.24046832693305, 17.695939992120465], [83.24104652523486, 17.694133523901446], [83.24296610055869, 17.69376109147383], [83.24430750799718, 17.695195147904414]]]}}, {"type": "Feature", "properties": {"h3": "893c9301527ffff", "population": 0, "elderly_frac": 0.1, "hand_min_m": 9.38, "hand_deciles": [9.38, 10.92, 12.09, 12.75, 13.57, 14.39, 15.2, 16.04, 17.09, 17.85, 19.9], "cells": 113}, "geometry": {"type": "Polygon", "coordinates": [[[83.24756859377214, 17.696256739145195], [83.24699040130437, 17.698063248616386], [83.24507074551484, 17.698435687103], [83.24372931261027, 17.697001636751875], [83.24430750799718, 17.695195147904414], [83.2462271333706, 17.694822688784072], [83.24756859377214, 17.696256739145195]]]}}, {"type": "Feature", "properties": {"h3": "893c930152bffff", "population": 0, "elderly_frac": 0.1, "hand_min_m": 0.0, "hand_deciles": [0.0, 0.47, 0.76, 1.11, 1.54, 1.9, 2.17, 2.62, 3.41, 4.09, 4.67], "cells": 57}, "geometry": {"type": "Polygon", "coordinates": [[[83.24354429099475, 17.69195457591587], [83.24296610055869, 17.69376109147383], [83.24104652523486, 17.694133523901446], [83.23970517076545, 17.69269946141059], [83.24028336411536, 17.690892966484604], [83.24220290902191, 17.690520513417223], [83.24354429099475, 17.69195457591587]]]}}, {"type": "Feature", "properties": {"h3": "893c930152fffff", "population": 0, "elderly_frac": 0.1, "hand_min_m": 4.73, "hand_deciles": [4.73, 5.7, 6.33, 6.84, 7.64, 7.95, 8.9, 9.25, 10.17, 11.03, 12.62], "cells": 35}, "geometry": {"type": "Polygon", "coordinates": [[[83.2468053208886, 17.693016152598844], [83.2462271333706, 17.694822688784072], [83.24430750799718, 17.695195147904414], [83.24296610055869, 17.69376109147383], [83.24354429099475, 17.69195457591587], [83.24546388595229, 17.691582096160936], [83.2468053208886, 17.693016152598844]]]}}, {"type": "Feature", "properties": {"h3": "893c9301533ffff", "population": 0, "elderly_frac": 0.1, "hand_min_m": 0.0, "hand_deciles": [0.0, 0.12, 0.32, 0.51, 0.82, 1.18, 1.45, 1.73, 2.03, 2.74, 4.14], "cells": 126}, "geometry": {"type": "Polygon", "coordinates": [[[83.24180970686892, 17.697374048540585], [83.24123150361535, 17.699180490042092], [83.23931191751318, 17.699552854494105], [83.23797056508481, 17.69811879808759], [83.23854877125011, 17.69631237721572], [83.24046832693305, 17.695939992120465], [83.24180970686892, 17.697374048540585]]]}}, {"type": "Feature", "properties": {"h3": "893c9301537ffff", "population": 0, "elderly_frac": 0.1, "hand_min_m": 3.36, "hand_deciles": [3.36, 4.77, 5.51, 6.18, 7.17, 7.91, 8.84, 9.72, 10.62, 11.97, 13.88], "cells": 126}, "geometry": {"type": "Polygon", "coordinates": [[[83.24507074551484, 17.698435687103], [83.24449254517722, 17.70024214922939], [83.24257290901807, 17.70061454038004], [83.24123150361535, 17.699180490042092], [83.24180970686892, 17.697374048540585], [83.24372931261027, 17.697001636751875], [83.24507074551484, 17.698435687103]]]}}, {"type": "Feature", "properties": {"h3": "893c930153bffff", "population": 0, "elderly_frac": 0.1, "hand_min_m": 0.0, "hand_deciles": [0.0, 0.0, 0.0, 0.13, 0.31, 0.4, 0.51, 0.65, 0.81, 1.23, 2.43], "cells": 125}, "geometry": {"type": "Polygon", "coordinates": [[[83.24104652523486, 17.694133523901446], [83.24046832693305, 17.695939992120465], [83.23854877125011, 17.69631237721572], [83.23720744428894, 17.694878314735753], [83.23778564550145, 17.69307186714992], [83.23970517076545, 17.69269946141059], [83.24104652523486, 17.694133523901446]]]}}, {"type": "Feature", "properties": {"h3": "893c9301547ffff", "population": 0, "elderly_frac": 0.1, "hand_min_m": 5.07, "hand_deciles": [5.07, 7.33, 8.73, 10.05, 12.14, 12.46, 13.33, 14.32, 14.85, 15.86, 18.44], "cells": 24}, "geometry": {"type": "Polygon", "coordinates": [[[83.2337618194649, 17.688769649431677], [83.23318362029993, 17.690576103079493], [83.23126419518623, 17.690948455455583], [83.22992299966012, 17.68951437483888], [83.2305012017263, 17.687707941837218], [83.23242059641845, 17.687335568805832], [83.2337618194649, 17.688769649431677]]]}}, {"type": "Feature", "properties": {"h3": "893c9301553ffff", "population": 0, "elderly_frac": 0.1, "hand_min_m": 25.68, "hand_deciles": [25.68, 29.03, 30.8, 33.24, 35.61, 37.53, 39.63, 41.43, 43.62, 45.33, 48.55], "cells": 76}, "geometry": {"type": "Polygon", "coordinates": [[[83.22800362463693, 17.68988670054002], [83.22742541471769, 17.691693086197997], [83.22550605937059, 17.69206536456386], [83.2241649443684, 17.690631277936227], [83.22474315718145, 17.688824912930325], [83.2266624821039, 17.68845261389969], [83.22800362463693, 17.68988670054002]]]}}, {"type": "Feature", "properties": {"h3": "893c9301557ffff", "population": 0, "elderly_frac": 0.1, "hand_min_m": 7.83, "hand_deciles": [7.83, 11.19, 14.29, 15.84, 17.78, 19.46, 20.93, 22.53, 24.46, 26.4, 31.31], "cells": 118}, "geometry": {"type": "Polygon", "coordinates": [[[83.23126419518623, 17.690948455455583], [83.23068598816502, 17.692754861760914], [83.22876658271862, 17.693127166802455], [83.22742541471769, 17.691693086197997], [83.22800362463693, 17.68988670054002], [83.22992299966012, 17.68951437483888], [83.23126419518623, 17.690948455455583]]]}}, {"type": "Feature", "properties": {"h3": "893c9301567ffff", "population": 0, "elderly_frac": 0.1, "hand_min_m": 0.0, "hand_deciles": [0.0, 0.0, 0.0, 0.0, 0.0, 0.0, 0.0, 0.18, 0.36, 0.44, 0.51], "cells": 6}, "geometry": {"type": "Polygon", "coordinates": [[[83.242781094507, 17.688713971159295], [83.24220290902191, 17.690520513417223], [83.24028336411536, 17.690892966484604], [83.23894203511198, 17.689458897934404], [83.23952022350987, 17.68765237631202], [83.24143973799939, 17.687279902604015], [83.242781094507, 17.688713971159295]]]}}, {"type": "Feature", "properties": {"h3": "893c9301573ffff", "population": 0, "elderly_frac": 0.1, "hand_min_m": 0.0, "hand_deciles": [0.0, 2.17, 2.71, 3.29, 3.61, 3.95, 4.69, 5.87, 6.75, 8.28, 9.8], "cells": 68}, "geometry": {"type": "Polygon", "coordinates": [[[83.23702254026666, 17.68983132431868], [83.2364443440071, 17.691637798607932], [83.23452486881314, 17.692010177663427], [83.23318362029993, 17.690576103079493], [83.2337618194649, 17.688769649431677], [83.23568126423874, 17.688397249726076], [83.23702254026666, 17.68983132431868]]]}}, {"type": "Feature", "properties": {"h3": "893c9301577ffff", "population": 0, "elderly_frac": 0.1, "hand_min_m": 0.0, "hand_deciles": [0.0, 0.0, 0.04, 0.23, 0.43, 0.55, 0.7, 0.95, 1.19, 1.82, 2.59], "cells": 99}, "geometry": {"type": "Polygon", "coordinates": [[[83.24028336411536, 17.690892966484604], [83.23970517076545, 17.69269946141059], [83.23778564550145, 17.69307186714992], [83.2364443440071, 17.691637798607932], [83.23702254026666, 17.68983132431868], [83.23894203511198, 17.689458897934404], [83.24028336411536, 17.690892966484604]]]}}, {"type": "Feature", "properties": {"h3": "893c9301583ffff", "population": 0, "elderly_frac": 0.1, "hand_min_m": 0.0, "hand_deciles": [0.0, 1.59, 2.7, 3.67, 4.88, 6.1, 7.26, 9.72, 19.2, 21.5, 27.18], "cells": 127}, "geometry": {"type": "Polygon", "coordinates": [[[83.23105558004055, 17.702848368998243], [83.23047735029854, 17.704654647779574], [83.22855787325032, 17.705026843494895], [83.22721665637083, 17.70359278108997], [83.22779488901081, 17.701786522946524], [83.22971433563335, 17.701414306569852], [83.23105558004055, 17.702848368998243]]]}}, {"type": "Feature", "properties": {"h3": "893c9301587ffff", "population": 0, "elderly_frac": 0.1, "hand_min_m": 0.0, "hand_deciles": [0.0, 0.0, 1.24, 1.83, 2.83, 3.99, 13.99, 14.85, 15.8, 17.39, 20.2], "cells": 127}, "geometry": {"type": "Polygon", "coordinates": [[[83.23431637415698, 17.703910182300284], [83.23373814731717, 17.70571648171477], [83.23181862017532, 17.706088704126465], [83.23047735029854, 17.704654647779574], [83.23105558004055, 17.702848368998243], [83.23297507675814, 17.702476125930374], [83.23431637415698, 17.703910182300284]]]}}, {"type": "Feature", "properties": {"h3": "893c930158bffff", "population": 0, "elderly_frac": 0.1, "hand_min_m": 5.16, "hand_deciles": [5.16, 7.23, 8.86, 9.93, 10.92, 11.86, 13.48, 14.81, 16.29, 18.01, 22.98], "cells": 126}, "geometry": {"type": "Polygon", "coordinates": [[[83.23029256041988, 17.699608001053534], [83.22971433563335, 17.701414306569852], [83.22779488901081, 17.701786522946524], [83.22645369760126, 17.700352454468806], [83.22703192528472, 17.69854616959391], [83.22895134148186, 17.698173932555044], [83.23029256041988, 17.699608001053534]]]}}, {"type": "Feature", "properties": {"h3": "893c930158fffff", "population": 0, "elderly_frac": 0.1, "hand_min_m": 0.0, "hand_deciles": [0.0, 0.0, 1.08, 1.48, 2.42, 3.35, 4.36, 5.27, 6.51, 8.61, 11.94], "cells": 127}, "geometry": {"type": "Polygon", "coordinates": [[[83.23355329864351, 17.70066979977734], [83.23297507675814, 17.702476125930374], [83.23105558004055, 17.702848368998243], [83.22971433563335, 17.701414306569852], [83.23029256041988, 17.699608001053534], [83.23221202671348, 17.699235737328625], [83.23355329864351, 17.70066979977734]]]}}, {"type": "Feature", "properties": {"h3": "893c9301593ffff", "population": 0, "elderly_frac": 0.1, "hand_min_m": 0.63, "hand_deciles": [0.63, 4.33, 6.83, 8.52, 10.94, 12.93, 14.3, 15.26, 17.19, 19.83, 23.33], "cells": 126}, "geometry": {"type": "Polygon", "coordinates": [[[83.22855787325032, 17.705026843494895], [83.22797963565398, 17.706833074896345], [83.22606017828227, 17.707205223254064], [83.22471898893531, 17.705771160875745], [83.22529722942647, 17.70396495011336], [83.22721665637083, 17.70359278108997], [83.22855787325032, 17.705026843494895]]]}}, {"type": "Feature", "properties": {"h3": "893c9301597ffff", "population": 0, "elderly_frac": 0.1, "hand_min_m": 0.0, "hand_deciles": [0.0, 0.47, 2.58, 3.8, 4.99, 7.17, 9.44, 11.07, 12.91, 15.76, 19.67], "cells": 125}, "geometry": {"type": "Polygon", "coordinates": [[[83.23181862017532, 17.706088704126465], [83.23124038547797, 17.70789495616226], [83.22932087800383, 17.70826713121708], [83.22797963565398, 17.706833074896345], [83.22855787325032, 17.705026843494895], [83.23047735029854, 17.704654647779574], [83.23181862017532, 17.706088704126465]]]}}, {"type": "Feature", "properties": {"h3": "893c930159bffff", "population": 0, "elderly_frac": 0.1, "hand_min_m": 6.8, "hand_deciles": [6.8, 9.73, 11.05, 12.76, 14.13, 15.43, 16.37, 17.49, 18.71, 20.63, 29.23], "cells": 125}, "geometry": {"type": "Polygon", "coordinates": [[[83.22779488901081, 17.701786522946524], [83.22721665637083, 17.70359278108997], [83.22529722942647, 17.70396495011336], [83.22395606555024, 17.702530881659552], [83.22453430108398, 17.700724644158715], [83.22645369760126, 17.700352454468806], [83.22779488901081, 17.701786522946524]]]}}, {"type": "Feature", "properties": {"h3": "893c93015a3ffff", "population": 0, "elderly_frac": 0.1, "hand_min_m": 0.0, "hand_deciles": [0.0, 0.0, 0.03, 0.17, 0.27, 0.38, 0.45, 0.54, 0.87, 2.38, 4.24], "cells": 128}, "geometry": {"type": "Polygon", "coordinates": [[[83.24007508429126, 17.702793298963133], [83.23949686822085, 17.704599666375394], [83.23757727134384, 17.70497196283901], [83.2362359209594, 17.703537912536767], [83.2368141399394, 17.701731565751746], [83.23873370639527, 17.70135924864146], [83.24007508429126, 17.702793298963133]]]}}, {"type": "Feature", "properties": {"h3": "893c93015a7ffff", "population": 0, "elderly_frac": 0.1, "hand_min_m": 0.67, "hand_deciles": [0.67, 1.89, 2.59, 3.33, 4.08, 5.32, 7.8, 14.39, 16.02, 17.78, 20.63], "cells": 127}, "geometry": {"type": "Polygon", "coordinates": [[[83.24333613168288, 17.703854999397873], [83.2427579185263, 17.705661387432684], [83.24083827158489, 17.70603371060082], [83.23949686822085, 17.704599666375394], [83.24007508429126, 17.702793298963133], [83.24199470081292, 17.70242095515347], [83.24333613168288, 17.703854999397873]]]}}, {"type": "Feature", "properties": {"h3": "893c93015abffff", "population": 0, "elderly_frac": 0.1, "hand_min_m": 0.0, "hand_deciles": [0.0, 0.0, 0.0, 0.04, 0.19, 0.3, 0.4, 0.52, 0.64, 0.83, 2.26], "cells": 128}, "geometry": {"type": "Polygon", "coordinates": [[[83.23931191751318, 17.699552854494105], [83.23873370639527, 17.70135924864146], [83.2368141399394, 17.701731565751746], [83.23547281502337, 17.700297509361967], [83.23605102904983, 17.698491135845423], [83.23797056508481, 17.69811879808759], [83.23931191751318, 17.699552854494105]]]}}, {"type": "Feature", "properties": {"h3": "893c93015afffff", "population": 0, "elderly_frac": 0.1, "hand_min_m": 0.0, "hand_deciles": [0.0, 0.26, 0.5, 0.84, 1.26, 1.58, 2.06, 2.46, 3.22, 4.02, 5.95], "cells": 128}, "geometry": {"type": "Polygon", "coordinates": [[[83.24257290901807, 17.70061454038004], [83.24199470081292, 17.70242095515347], [83.24007508429126, 17.702793298963133], [83.23873370639527, 17.70135924864146], [83.23931191751318, 17.699552854494105], [83.24123150361535, 17.699180490042092], [83.24257290901807, 17.70061454038004]]]}}, {"type": "Feature", "properties": {"h3": "893c93015b3ffff", "population": 0, "elderly_frac": 0.1, "hand_min_m": 0.0, "hand_deciles": [0.0, 0.0, 0.4, 0.67, 0.98, 1.27, 1.71, 2.37, 4.77, 12.71, 13.98], "cells": 128}, "geometry": {"type": "Polygon", "coordinates": [[[83.23757727134384, 17.70497196283901], [83.23699904741045, 17.706778282881942], [83.23507947018518, 17.70715053199446], [83.23373814731717, 17.70571648171477], [83.23431637415698, 17.703910182300284], [83.2362359209594, 17.703537912536767], [83.23757727134384, 17.70497196283901]]]}}, {"type": "Feature", "properties": {"h3": "893c93015b7ffff", "population": 0, "elderly_frac": 0.1, "hand_min_m": 0.0, "hand_deciles": [0.0, 1.58, 2.41, 2.98, 3.35, 6.89, 8.9, 10.51, 11.36, 12.55, 13.62], "cells": 127}, "geometry": {"type": "Polygon", "coordinates": [[[83.24083827158489, 17.70603371060082], [83.24026005056216, 17.707840051267464], [83.23834042326371, 17.708212327085242], [83.23699904741045, 17.706778282881942], [83.23757727134384, 17.70497196283901], [83.23949686822085, 17.704599666375394], [83.24083827158489, 17.70603371060082]]]}}, {"type": "Feature", "properties": {"h3": "893c93015bbffff", "population": 0, "elderly_frac": 0.1, "hand_min_m": 0.0, "hand_deciles": [0.0, 0.0, 0.13, 0.55, 0.69, 0.89, 1.13, 1.43, 1.94, 2.82, 4.66], "cells": 129}, "geometry": {"type": "Polygon", "coordinates": [[[83.2368141399394, 17.701731565751746], [83.2362359209594, 17.703537912536767], [83.23431637415698, 17.703910182300284], [83.23297507675814, 17.702476125930374], [83.23355329864351, 17.70066979977734], [83.23547281502337, 17.700297509361967], [83.2368141399394, 17.701731565751746]]]}}, {"type": "Feature", "properties": {"h3": "893c93015c3ffff", "population": 0, "elderly_frac": 0.1, "hand_min_m": 28.63, "hand_deciles": [28.63, 32.65, 35.48, 37.72, 39.81, 41.47, 42.64, 44.69, 46.4, 49.19, 53.65], "cells": 128}, "geometry": {"type": "Polygon", "coordinates": [[[83.22626898207149, 17.695305783459045], [83.22569075934469, 17.697112095054823], [83.22377139325425, 17.697484305412125], [83.22243028031824, 17.696050224841592], [83.22300850593672, 17.694243933895507], [83.22492784160059, 17.69387170286998], [83.22626898207149, 17.695305783459045]]]}}, {"type": "Feature", "properties": {"h3": "893c93015c7ffff", "population": 0, "elderly_frac": 0.1, "hand_min_m": 10.5, "hand_deciles": [10.5, 14.73, 17.33, 18.63, 20.57, 22.37, 23.82, 25.61, 27.33, 29.04, 33.15], "cells": 128}, "geometry": {"type": "Polygon", "coordinates": [[[83.22952956131277, 17.696367600314286], [83.22895134148186, 17.698173932555044], [83.22703192528472, 17.69854616959391], [83.22569075934469, 17.697112095054823], [83.22626898207149, 17.695305783459045], [83.22818836784347, 17.694933525757104], [83.22952956131277, 17.696367600314286]]]}}, {"type": "Feature", "properties": {"h3": "893c93015cbffff", "population": 0, "elderly_frac": 0.1, "hand_min_m": 39.89, "hand_deciles": [39.89, 44.93, 47.54, 48.73, 50.61, 52.07, 53.81, 55.22, 57.38, 59.65, 66.44], "cells": 127}, "geometry": {"type": "Polygon", "coordinates": [[[83.22550605937059, 17.69206536456386], [83.22492784160059, 17.69387170286998], [83.22300850593672, 17.694243933895507], [83.22166741847019, 17.692809847283726], [83.22224563913083, 17.691003529630855], [83.2241649443684, 17.690631277936227], [83.22550605937059, 17.69206536456386]]]}}, {"type": "Feature", "properties": {"h3": "893c93015cfffff", "population": 0, "elderly_frac": 0.1, "hand_min_m": 19.29, "hand_deciles": [19.29, 23.64, 26.33, 28.82, 31.23, 32.96, 34.57, 35.91, 38.39, 41.3, 46.54], "cells": 128}, "geometry": {"type": "Polygon", "coordinates": [[[83.22876658271862, 17.693127166802455], [83.22818836784347, 17.694933525757104], [83.22626898207149, 17.695305783459045], [83.22492784160059, 17.69387170286998], [83.22550605937059, 17.69206536456386], [83.22742541471769, 17.691693086197997], [83.22876658271862, 17.693127166802455]]]}}, {"type": "Feature", "properties": {"h3": "893c93015d3ffff", "population": 0, "elderly_frac": 0.1, "hand_min_m": 32.0, "hand_deciles": [32.0, 35.24, 37.19, 38.44, 39.99, 41.67, 43.18, 44.62, 46.24, 48.54, 52.82], "cells": 125}, "geometry": {"type": "Polygon", "coordinates": [[[83.22377139325425, 17.697484305412125], [83.22319316267806, 17.69929056964086], [83.2212738162763, 17.699662732648456], [83.21993273088, 17.6982286520996], [83.22051096434471, 17.696422408521745], [83.22243028031824, 17.696050224841592], [83.22377139325425, 17.697484305412125]]]}}, {"type": "Feature", "properties": {"h3": "893c93015d7ffff", "population": 0, "elderly_frac": 0.1, "hand_min_m": 18.17, "hand_deciles": [18.17, 21.28, 23.23, 24.53, 26.23, 27.24, 28.92, 30.74, 32.53, 35.24, 41.76], "cells": 126}, "geometry": {"type": "Polygon", "coordinates": [[[83.22703192528472, 17.69854616959391], [83.22645369760126, 17.700352454468806], [83.22453430108398, 17.700724644158715], [83.22319316267806, 17.69929056964086], [83.22377139325425, 17.697484305412125], [83.22569075934469, 17.697112095054823], [83.22703192528472, 17.69854616959391]]]}}, {"type": "Feature", "properties": {"h3": "893c93015dbffff", "population": 0, "elderly_frac": 0.1, "hand_min_m": 47.71, "hand_deciles": [47.71, 51.77, 53.12, 54.42, 55.81, 56.84, 57.85, 59.15, 60.2, 62.06, 67.26], "cells": 127}, "geometry": {"type": "Polygon", "coordinates": [[[83.22300850593672, 17.694243933895507], [83.22243028031824, 17.696050224841592], [83.22051096434471, 17.696422408521745], [83.21916990441869, 17.694988321928946], [83.21974813292465, 17.693182051637294], [83.22166741847019, 17.692809847283726], [83.22300850593672, 17.694243933895507]]]}}, {"type": "Feature", "properties": {"h3": "893c9301c13ffff", "population": 0, "elderly_frac": 0.1, "hand_min_m": 0.0, "hand_deciles": [0.0, 0.0, 0.27, 0.51, 0.78, 0.78, 1.05, 1.15, 1.43, 1.77, 2.22], "cells": 36}, "geometry": {"type": "Polygon", "coordinates": [[[83.27310432517753, 17.689605670375], [83.27252618387513, 17.691412498871134], [83.27060623012686, 17.69178528078299], [83.26926444808404, 17.69035125478985], [83.26984259233829, 17.688544446892607], [83.27176251568454, 17.68817164438932], [83.27310432517753, 17.689605670375]]]}}, {"type": "Feature", "properties": {"h3": "893c9301c17ffff", "population": 0, "elderly_frac": 0.1, "hand_min_m": 0.0, "hand_deciles": [0.0, 0.0, 0.0, 0.0, 0.25, 0.48, 0.55, 0.7, 0.86, 0.98, 1.48], "cells": 47}, "geometry": {"type": "Polygon", "coordinates": [[[83.27636616087578, 17.690666861028614], [83.27578802252948, 17.69247371011891], [83.27386801882835, 17.692846518747185], [83.27252618387513, 17.691412498871134], [83.27310432517753, 17.689605670375], [83.27502429847806, 17.689232841160486], [83.27636616087578, 17.690666861028614]]]}}, {"type": "Feature", "properties": {"h3": "893c9301c83ffff", "population": 0, "elderly_frac": 0.1, "hand_min_m": 0.0, "hand_deciles": [0.0, 0.0, 0.12, 0.39, 0.62, 0.78, 0.91, 1.07, 1.32, 1.78, 2.27], "cells": 88}, "geometry": {"type": "Polygon", "coordinates": [[[83.27136988843444, 17.695026081860874], [83.27079173429625, 17.696832836347188], [83.26887176970344, 17.697205550356422], [83.26752998965381, 17.69577153047397], [83.26810814674172, 17.693964796584172], [83.27002808093057, 17.693592061980052], [83.27136988843444, 17.695026081860874]]]}}, {"type": "Feature", "properties": {"h3": "893c9301c87ffff", "population": 0, "elderly_frac": 0.1, "hand_min_m": 0.0, "hand_deciles": [0.0, 0.48, 0.8, 1.26, 1.55, 1.75, 1.85, 2.1, 2.4, 2.49, 3.32], "cells": 56}, "geometry": {"type": "Polygon", "coordinates": [[[83.27463173299884, 17.696087334294592], [83.27405358181464, 17.697894109372694], [83.27213356726155, 17.69826685010427], [83.27079173429625, 17.696832836347188], [83.27136988843444, 17.695026081860874], [83.27328987258498, 17.694653320539587], [83.27463173299884, 17.696087334294592]]]}}, {"type": "Feature", "properties": {"h3": "893c9301c8bffff", "population": 0, "elderly_frac": 0.1, "hand_min_m": 0.0, "hand_deciles": [0.0, 0.0, 0.16, 0.43, 0.64, 0.82, 1.21, 2.13, 2.67, 3.27, 4.25], "cells": 107}, "geometry": {"type": "Polygon", "coordinates": [[[83.27060623012686, 17.69178528078299], [83.27002808093057, 17.693592061980052], [83.26810814674172, 17.693964796584172], [83.2667663921539, 17.69253077058672], [83.2673445442989, 17.690724009989733], [83.26926444808404, 17.69035125478985], [83.27060623012686, 17.69178528078299]]]}}, {"type": "Feature", "properties": {"h3": "893c9301c8fffff", "population": 0, "elderly_frac": 0.1, "hand_min_m": 0.0, "hand_deciles": [0.0, 0.0, 0.37, 0.6, 0.79, 1.03, 1.15, 1.41, 1.55, 1.87, 2.39], "cells": 122}, "geometry": {"type": "Polygon", "coordinates": [[[83.27386801882835, 17.692846518747185], [83.27328987258498, 17.694653320539587], [83.27136988843444, 17.695026081860874], [83.27002808093057, 17.693592061980052], [83.27060623012686, 17.69178528078299], [83.27252618387513, 17.691412498871134], [83.27386801882835, 17.692846518747185]]]}}, {"type": "Feature", "properties": {"h3": "893c9301c93ffff", "population": 0, "elderly_frac": 0.1, "hand_min_m": 0.0, "hand_deciles": [0.0, 0.34, 0.74, 1.64, 2.18, 2.58, 2.65, 3.06, 3.44, 3.79, 4.7], "cells": 128}, "geometry": {"type": "Polygon", "coordinates": [[[83.26887176970344, 17.697205550356422], [83.26829360767273, 17.69901225752845], [83.2663736626448, 17.699384924220585], [83.26503191005423, 17.697950904339624], [83.26561007503149, 17.69614421776531], [83.26752998965381, 17.69577153047397], [83.26887176970344, 17.697205550356422]]]}}, {"type": "Feature", "properties": {"h3": "893c9301c97ffff", "population": 0, "elderly_frac": 0.1, "hand_min_m": 0.0, "hand_deciles": [0.0, 0.12, 0.4, 0.58, 0.94, 1.07, 1.23, 1.35, 1.54, 1.76, 2.33], "cells": 123}, "geometry": {"type": "Polygon", "coordinates": [[[83.27213356726155, 17.69826685010427], [83.27155540818164, 17.700073577869293], [83.2696354131846, 17.700446271284495], [83.26829360767273, 17.69901225752845], [83.26887176970344, 17.697205550356422], [83.27079173429625, 17.696832836347188], [83.27213356726155, 17.69826685010427]]]}}, {"type": "Feature", "properties": {"h3": "893c9301c9bffff", "population": 0, "elderly_frac": 0.1, "hand_min_m": 0.0, "hand_deciles": [0.0, 0.0, 0.45, 0.66, 0.87, 1.08, 1.23, 1.42, 1.61, 1.98, 3.36], "cells": 127}, "geometry": {"type": "Polygon", "coordinates": [[[83.26810814674172, 17.693964796584172], [83.26752998965381, 17.69577153047397], [83.26561007503149, 17.69614421776531], [83.26426834790354, 17.694710191766656], [83.264846507937, 17.69290347847813], [83.2667663921539, 17.69253077058672], [83.26810814674172, 17.693964796584172]]]}}, {"type": "Feature", "properties": {"h3": "893c9301cabffff", "population": 0, "elderly_frac": 0.1, "hand_min_m": 0.0, "hand_deciles": [0.0, 0.0, 0.0, 0.0, 0.13, 0.32, 0.51, 0.64, 0.67, 0.69, 0.71], "cells": 4}, "geometry": {"type": "Polygon", "coordinates": [[[83.27962809941678, 17.691728018839854], [83.27904996403082, 17.693534888519558], [83.27712991038707, 17.693907723868698], [83.27578802252948, 17.69247371011891], [83.27636616087578, 17.690666861028614], [83.27828618412039, 17.69029400509843], [83.27962809941678, 17.691728018839854]]]}}, {"type": "Feature", "properties": {"h3": "893c9301cb3ffff", "population": 0, "elderly_frac": 0.1, "hand_min_m": 0.0, "hand_deciles": [0.0, 0.0, 0.0, 0.17, 0.35, 0.49, 0.59, 0.67, 0.91, 1.16, 1.46], "cells": 54}, "geometry": {"type": "Polygon", "coordinates": [[[83.27789368041869, 17.697148553871727], [83.27731553219266, 17.698955349536895], [83.27539546768956, 17.69932811699525], [83.27405358181464, 17.697894109372694], [83.27463173299884, 17.696087334294592], [83.27655176710083, 17.695714546251697], [83.27789368041869, 17.697148553871727]]]}}, {"type": "Feature", "properties": {"h3": "893c9301cbbffff", "population": 0, "elderly_frac": 0.1, "hand_min_m": 0.0, "hand_deciles": [0.0, 0.0, 0.0, 0.05, 0.17, 0.3, 0.44, 0.49, 0.67, 0.82, 1.49], "cells": 40}, "geometry": {"type": "Polygon", "coordinates": [[[83.27712991038707, 17.693907723868698], [83.27655176710083, 17.695714546251697], [83.27463173299884, 17.696087334294592], [83.27328987258498, 17.694653320539587], [83.27386801882835, 17.692846518747185], [83.27578802252948, 17.69247371011891], [83.27712991038707, 17.693907723868698]]]}}, {"type": "Feature", "properties": {"h3": "893c9301cd3ffff", "population": 0, "elderly_frac": 0.1, "hand_min_m": 0.0, "hand_deciles": [0.0, 0.0, 0.39, 0.6, 1.05, 1.29, 1.47, 1.56, 1.95, 2.56, 2.71], "cells": 19}, "geometry": {"type": "Polygon", "coordinates": [[[83.26408296136069, 17.689662706380997], [83.26350480627123, 17.691469446373198], [83.26158497203649, 17.69184212755631], [83.26024332329882, 17.69040808935309], [83.26082148132855, 17.68860136997042], [83.26274128515671, 17.688228668181196], [83.26408296136069, 17.689662706380997]]]}}, {"type": "Feature", "properties": {"h3": "893c9301cd7ffff", "population": 0, "elderly_frac": 0.1, "hand_min_m": 0.0, "hand_deciles": [0.0, 0.0, 0.35, 0.59, 0.76, 1.01, 1.21, 1.44, 1.73, 2.23, 3.15], "cells": 89}, "geometry": {"type": "Polygon", "coordinates": [[[83.2673445442989, 17.690724009989733], [83.2667663921539, 17.69253077058672], [83.264846507937, 17.69290347847813], [83.26350480627123, 17.691469446373198], [83.26408296136069, 17.689662706380997], [83.26600281517248, 17.68928997788867], [83.2673445442989, 17.690724009989733]]]}}, {"type": "Feature", "properties": {"h3": "893c9302203ffff", "population": 0, "elderly_frac": 0.1, "hand_min_m": 19.36, "hand_deciles": [19.36, 23.63, 25.96, 27.83, 29.79, 32.03, 34.12, 35.84, 37.93, 39.88, 43.91], "cells": 127}, "geometry": {"type": "Polygon", "coordinates": [[[83.22848598629847, 17.75585849632401], [83.2279076528416, 17.757664189154834], [83.22598787858063, 17.758035879232256], [83.22464646821506, 17.756601897150308], [83.22522480456763, 17.754796224917158], [83.22714454839112, 17.75442451416804], [83.22848598629847, 17.75585849632401]]]}}, {"type": "Feature", "properties": {"h3": "893c9302207ffff", "population": 0, "elderly_frac": 0.1, "hand_min_m": 12.21, "hand_deciles": [12.21, 15.47, 16.98, 18.11, 19.35, 20.53, 22.09, 23.36, 25.78, 28.06, 32.58], "cells": 129}, "geometry": {"type": "Polygon", "coordinates": [[[83.23174727116498, 17.756920734799234], [83.23116894060796, 17.75872644822297], [83.22924911622773, 17.759098165067645], [83.2279076528416, 17.757664189154834], [83.22848598629847, 17.75585849632401], [83.23040578024266, 17.755486758812825], [83.23174727116498, 17.756920734799234]]]}}, {"type": "Feature", "properties": {"h3": "893c930220bffff", "population": 0, "elderly_frac": 0.1, "hand_min_m": 19.58, "hand_deciles": [19.58, 22.29, 24.62, 26.56, 28.36, 30.03, 31.9, 33.24, 35.24, 37.98, 46.35], "cells": 127}, "geometry": {"type": "Polygon", "coordinates": [[[83.22772287688998, 17.752618794430205], [83.22714454839112, 17.75442451416804], [83.22522480456763, 17.754796224917158], [83.22388341968124, 17.753362236600765], [83.22446175107474, 17.75155653746414], [83.22638146446103, 17.751184806042435], [83.22772287688998, 17.752618794430205]]]}}, {"type": "Feature", "properties": {"h3": "893c930220fffff", "population": 0, "elderly_frac": 0.1, "hand_min_m": 5.69, "hand_deciles": [5.69, 8.19, 9.82, 12.0, 14.13, 16.45, 18.58, 19.95, 21.82, 25.55, 32.13], "cells": 129}, "geometry": {"type": "Polygon", "coordinates": [[[83.23098410584268, 17.753681018478503], [83.23040578024266, 17.755486758812825], [83.22848598629847, 17.75585849632401], [83.22714454839112, 17.75442451416804], [83.22772287688998, 17.752618794430205], [83.22964264039837, 17.752247036251603], [83.23098410584268, 17.753681018478503]]]}}, {"type": "Feature", "properties": {"h3": "893c9302213ffff", "population": 0, "elderly_frac": 0.1, "hand_min_m": 42.39, "hand_deciles": [42.39, 45.98, 47.69, 49.36, 51.19, 52.58, 54.22, 55.77, 57.47, 59.61, 64.92], "cells": 123}, "geometry": {"type": "Polygon", "coordinates": [[[83.22598787858063, 17.758035879232256], [83.22540953726912, 17.759841524551376], [83.22348978269852, 17.760213167190003], [83.22214839987961, 17.758779185185237], [83.22272674408362, 17.756973560464946], [83.22464646821506, 17.756601897150308], [83.22598787858063, 17.758035879232256]]]}}, {"type": "Feature", "properties": {"h3": "893c9302217ffff", "population": 0, "elderly_frac": 0.1, "hand_min_m": 24.67, "hand_deciles": [24.67, 27.56, 29.54, 31.58, 33.2, 35.26, 37.05, 38.45, 41.37, 43.62, 45.99], "cells": 86}, "geometry": {"type": "Polygon", "coordinates": [[[83.22924911622773, 17.759098165067645], [83.22867077781294, 17.760903830980887], [83.22675097311426, 17.761275500387484], [83.22540953726912, 17.759841524551376], [83.22598787858063, 17.758035879232256], [83.2279076528416, 17.757664189154834], [83.22924911622773, 17.759098165067645]]]}}, {"type": "Feature", "properties": {"h3": "893c930221bffff", "population": 0, "elderly_frac": 0.1, "hand_min_m": 37.73, "hand_deciles": [37.73, 41.13, 43.35, 45.63, 47.03, 48.36, 49.75, 51.27, 53.49, 56.41, 64.13], "cells": 127}, "geometry": {"type": "Polygon", "coordinates": [[[83.22522480456763, 17.754796224917158], [83.22464646821506, 17.756601897150308], [83.22272674408362, 17.756973560464946], [83.22138538674464, 17.755539572223046], [83.22196372598867, 17.753733920592275], [83.22388341968124, 17.753362236600765], [83.22522480456763, 17.754796224917158]]]}}, {"type": "Feature", "properties": {"h3": "893c9302223ffff", "population": 0, "elderly_frac": 0.1, "hand_min_m": 0.74, "hand_deciles": [0.74, 1.54, 1.93, 2.37, 2.75, 3.08, 3.57, 4.46, 4.9, 5.82, 7.65], "cells": 127}, "geometry": {"type": "Polygon", "coordinates": [[[83.23750687309538, 17.755805367767337], [83.23692855330573, 17.757611149280464], [83.23500865915085, 17.757982940329164], [83.23366711521962, 17.756548970521504], [83.23424543791654, 17.75474320959543], [83.23616530163847, 17.754371397889678], [83.23750687309538, 17.755805367767337]]]}}, {"type": "Feature", "properties": {"h3": "893c9302227ffff", "population": 0, "elderly_frac": 0.1, "hand_min_m": 0.0, "hand_deciles": [0.0, 0.0, 0.0, 0.16, 0.33, 0.44, 0.56, 0.79, 0.9, 1.04, 1.95], "cells": 126}, "geometry": {"type": "Polygon", "coordinates": [[[83.24076841136291, 17.756867492980604], [83.24019009448477, 17.758673295076054], [83.2382701502399, 17.759045112900186], [83.23692855330573, 17.757611149280464], [83.23750687309538, 17.755805367767337], [83.23942678690872, 17.75543352929133], [83.24076841136291, 17.756867492980604]]]}}, {"type": "Feature", "properties": {"h3": "893c930222bffff", "population": 0, "elderly_frac": 0.1, "hand_min_m": 0.0, "hand_deciles": [0.0, 0.18, 1.14, 1.57, 2.1, 2.55, 3.35, 4.16, 4.82, 5.47, 7.19], "cells": 127}, "geometry": {"type": "Polygon", "coordinates": [[[83.23674361647308, 17.752565589469427], [83.23616530163847, 17.754371397889678], [83.23424543791654, 17.75474320959543], [83.23290391946296, 17.753309233538566], [83.2334822372038, 17.75150344570891], [83.23540207049302, 17.751131613345233], [83.23674361647308, 17.752565589469427]]]}}, {"type": "Feature", "properties": {"h3": "893c930222fffff", "population": 0, "elderly_frac": 0.1, "hand_min_m": 0.0, "hand_deciles": [0.0, 0.0, 0.0, 0.15, 0.33, 0.47, 0.55, 0.67, 0.81, 1.03, 1.98], "cells": 127}, "geometry": {"type": "Polygon", "coordinates": [[[83.24000509883285, 17.753627700285193], [83.23942678690872, 17.75543352929133], [83.23750687309538, 17.755805367767337], [83.23616530163847, 17.754371397889678], [83.23674361647308, 17.752565589469427], [83.23866349985514, 17.752193730340675], [83.24000509883285, 17.753627700285193]]]}}, {"type": "Feature", "properties": {"h3": "893c9302233ffff", "population": 0, "elderly_frac": 0.1, "hand_min_m": 2.32, "hand_deciles": [2.32, 3.44, 4.74, 6.61, 7.34, 8.26, 9.12, 9.95, 11.08, 12.13, 14.57], "cells": 94}, "geometry": {"type": "Polygon", "coordinates": [[[83.23500865915085, 17.757982940329164], [83.23443033149796, 17.75978867434112], [83.23251045700869, 17.760160417957486], [83.23116894060796, 17.75872644822297], [83.23174727116498, 17.756920734799234], [83.23366711521962, 17.756548970521504], [83.23500865915085, 17.757982940329164]]]}}, {"type": "Feature", "properties": {"h3": "893c9302237ffff", "population": 0, "elderly_frac": 0.1, "hand_min_m": 0.0, "hand_deciles": [0.0, 0.0, 0.23, 0.52, 0.72, 0.82, 0.98, 1.23, 1.44, 2.02, 2.14], "cells": 40}, "geometry": {"type": "Polygon", "coordinates": [[[83.2382701502399, 17.759045112900186], [83.23769182549535, 17.76085086749564], [83.23577190090727, 17.76122263788817], [83.23443033149796, 17.75978867434112], [83.23500865915085, 17.757982940329164], [83.23692855330573, 17.757611149280464], [83.2382701502399, 17.759045112900186]]]}}, {"type": "Feature", "properties": {"h3": "893c930223bffff", "population": 0, "elderly_frac": 0.1, "hand_min_m": 0.0, "hand_deciles": [0.0, 2.14, 4.25, 6.11, 7.3, 8.32, 9.5, 10.74, 12.0, 13.81, 17.95], "cells": 128}, "geometry": {"type": "Polygon", "coordinates": [[[83.23424543791654, 17.75474320959543], [83.23366711521962, 17.756548970521504], [83.23174727116498, 17.756920734799234], [83.23040578024266, 17.755486758812825], [83.23098410584268, 17.753681018478503], [83.23290391946296, 17.753309233538566], [83.23424543791654, 17.75474320959543]]]}}, {"type": "Feature", "properties": {"h3": "893c9302243ffff", "population": 0, "elderly_frac": 0.1, "hand_min_m": 13.36, "hand_deciles": [13.36, 16.06, 17.6, 18.7, 19.84, 21.35, 23.48, 25.55, 28.06, 31.89, 38.56], "cells": 128}, "geometry": {"type": "Polygon", "coordinates": [[[83.22369871810137, 17.748316816895127], [83.22312039166711, 17.75012254292469], [83.22120072841315, 17.750494247593938], [83.21985942203287, 17.749060246911977], [83.2204377513565, 17.747254541491873], [83.22235738417211, 17.74688281614402], [83.22369871810137, 17.748316816895127]]]}}, {"type": "Feature", "properties": {"h3": "893c9302247ffff", "population": 0, "elderly_frac": 0.1, "hand_min_m": 3.41, "hand_deciles": [3.41, 8.04, 11.36, 15.04, 18.35, 21.1, 23.21, 25.15, 27.51, 31.37, 36.4], "cells": 127}, "geometry": {"type": "Polygon", "coordinates": [[[83.22695978800171, 17.74937905940812], [83.22638146446103, 17.751184806042435], [83.22446175107474, 17.75155653746414], [83.22312039166711, 17.75012254292469], [83.22369871810137, 17.748316816895127], [83.22561840105072, 17.747945064799985], [83.22695978800171, 17.74937905940812]]]}}, {"type": "Feature", "properties": {"h3": "893c930224bffff", "population": 0, "elderly_frac": 0.1, "hand_min_m": 0.7, "hand_deciles": [0.7, 2.73, 3.97, 5.22, 6.41, 8.04, 9.12, 10.75, 12.43, 14.38, 17.84], "cells": 128}, "geometry": {"type": "Polygon", "coordinates": [[[83.222935705647, 17.74507706323203], [83.22235738417211, 17.74688281614402], [83.2204377513565, 17.747254541491873], [83.21909647045494, 17.74582053460698], [83.21967479481818, 17.744014802308023], [83.22159439719566, 17.74364305628067], [83.222935705647, 17.74507706323203]]]}}, {"type": "Feature", "properties": {"h3": "893c930224fffff", "population": 0, "elderly_frac": 0.1, "hand_min_m": 2.98, "hand_deciles": [2.98, 5.58, 6.87, 8.29, 10.21, 11.72, 13.79, 15.5, 16.93, 19.3, 24.53], "cells": 128}, "geometry": {"type": "Polygon", "coordinates": [[[83.22619671963308, 17.746139291279707], [83.22561840105072, 17.747945064799985], [83.22369871810137, 17.748316816895127], [83.22235738417211, 17.74688281614402], [83.222935705647, 17.74507706323203], [83.22485535815967, 17.744705290462598], [83.22619671963308, 17.746139291279707]]]}}, {"type": "Feature", "properties": {"h3": "893c9302253ffff", "population": 0, "elderly_frac": 0.1, "hand_min_m": 17.77, "hand_deciles": [17.77, 20.87, 23.68, 26.4, 27.98, 29.65, 31.27, 32.47, 35.43, 37.62, 47.58], "cells": 126}, "geometry": {"type": "Polygon", "coordinates": [[[83.22120072841315, 17.750494247593938], [83.22062239412924, 17.75229992612464], [83.21870275057782, 17.75267158336299], [83.21736147175137, 17.751237582753284], [83.21793980892147, 17.74943192483324], [83.21985942203287, 17.749060246911977], [83.22120072841315, 17.750494247593938]]]}}, {"type": "Feature", "properties": {"h3": "893c9302257ffff", "population": 0, "elderly_frac": 0.1, "hand_min_m": 19.0, "hand_deciles": [19.0, 23.49, 27.48, 30.56, 33.3, 36.43, 38.45, 40.76, 42.62, 46.11, 52.05], "cells": 126}, "geometry": {"type": "Polygon", "coordinates": [[[83.22446175107474, 17.75155653746414], [83.22388341968124, 17.753362236600765], [83.22196372598867, 17.753733920592275], [83.22062239412924, 17.75229992612464], [83.22120072841315, 17.750494247593938], [83.22312039166711, 17.75012254292469], [83.22446175107474, 17.75155653746414]]]}}, {"type": "Feature", "properties": {"h3": "893c930225bffff", "population": 0, "elderly_frac": 0.1, "hand_min_m": 5.83, "hand_deciles": [5.83, 8.19, 9.6, 10.73, 12.01, 13.22, 14.72, 16.03, 17.82, 19.61, 25.73], "cells": 128}, "geometry": {"type": "Polygon", "coordinates": [[[83.2204377513565, 17.747254541491873], [83.21985942203287, 17.749060246911977], [83.21793980892147, 17.74943192483324], [83.21659855557454, 17.74799791801792], [83.21717688778332, 17.746192233212014], [83.21909647045494, 17.74582053460698], [83.2204377513565, 17.747254541491873]]]}}, {"type": "Feature", "properties": {"h3": "893c9302263ffff", "population": 0, "elderly_frac": 0.1, "hand_min_m": 0.0, "hand_deciles": [0.0, 0.56, 1.2, 1.76, 2.7, 3.35, 3.92, 4.88, 5.71, 6.99, 10.42], "cells": 126}, "geometry": {"type": "Polygon", "coordinates": [[[83.23271905701203, 17.74826364869152], [83.23214074422744, 17.75006946341422], [83.23022096104125, 17.75044126901726], [83.22887952107459, 17.74900728056126], [83.22945783676018, 17.747201486437422], [83.2313775895125, 17.74682966017043], [83.23271905701203, 17.74826364869152]]]}}, {"type": "Feature", "properties": {"h3": "893c9302267ffff", "population": 0, "elderly_frac": 0.1, "hand_min_m": 0.0, "hand_deciles": [0.0, 0.79, 1.83, 2.25, 2.53, 3.17, 3.78, 4.43, 5.5, 6.35, 8.07], "cells": 126}, "geometry": {"type": "Polygon", "coordinates": [[[83.23598038037244, 17.749325778028382], [83.23540207049302, 17.751131613345233], [83.2334822372038, 17.75150344570891], [83.23214074422744, 17.75006946341422], [83.23271905701203, 17.74826364869152], [83.23463885986884, 17.747891795669076], [83.23598038037244, 17.749325778028382]]]}}, {"type": "Feature", "properties": {"h3": "893c930226bffff", "population": 0, "elderly_frac": 0.1, "hand_min_m": 0.0, "hand_deciles": [0.0, 0.0, 0.96, 1.3, 1.93, 2.46, 3.14, 3.97, 4.8, 5.83, 9.51], "cells": 127}, "geometry": {"type": "Polygon", "coordinates": [[[83.23195589734073, 17.745023818565205], [83.2313775895125, 17.74682966017043], [83.22945783676018, 17.747201486437422], [83.22811642227069, 17.745767491763736], [83.22869473299885, 17.74396167076093], [83.23061445531759, 17.7435898238291], [83.23195589734073, 17.745023818565205]]]}}, {"type": "Feature", "properties": {"h3": "893c930226fffff", "population": 0, "elderly_frac": 0.1, "hand_min_m": 0.0, "hand_deciles": [0.0, 0.0, 0.18, 0.77, 1.15, 1.37, 1.79, 2.44, 7.12, 8.37, 10.14], "cells": 125}, "geometry": {"type": "Polygon", "coordinates": [[[83.23521716479291, 17.746085933466162], [83.23463885986884, 17.747891795669076], [83.23271905701203, 17.74826364869152], [83.2313775895125, 17.74682966017043], [83.23195589734073, 17.745023818565205], [83.23387566976535, 17.744651944883117], [83.23521716479291, 17.746085933466162]]]}}, {"type": "Feature", "properties": {"h3": "893c9302273ffff", "population": 0, "elderly_frac": 0.1, "hand_min_m": 5.58, "hand_deciles": [5.58, 8.46, 9.74, 10.99, 12.37, 13.32, 14.75, 16.32, 17.98, 19.54, 25.76], "cells": 128}, "geometry": {"type": "Polygon", "coordinates": [[[83.23022096104125, 17.75044126901726], [83.22964264039837, 17.752247036251603], [83.22772287688998, 17.752618794430205], [83.22638146446103, 17.751184806042435], [83.22695978800171, 17.74937905940812], [83.22887952107459, 17.74900728056126], [83.23022096104125, 17.75044126901726]]]}}, {"type": "Feature", "properties": {"h3": "893c9302277ffff", "population": 0, "elderly_frac": 0.1, "hand_min_m": 0.0, "hand_deciles": [0.0, 3.97, 6.83, 7.45, 8.61, 9.33, 10.29, 11.43, 13.2, 14.86, 18.05], "cells": 128}, "geometry": {"type": "Polygon", "coordinates": [[[83.2334822372038, 17.75150344570891], [83.23290391946296, 17.753309233538566], [83.23098410584268, 17.753681018478503], [83.22964264039837, 17.752247036251603], [83.23022096104125, 17.75044126901726], [83.23214074422744, 17.75006946341422], [83.2334822372038, 17.75150344570891]]]}}, {"type": "Feature", "properties": {"h3": "893c930227bffff", "population": 0, "elderly_frac": 0.1, "hand_min_m": 0.0, "hand_deciles": [0.0, 1.14, 2.64, 4.72, 8.37, 10.0, 10.99, 12.4, 13.79, 15.74, 19.87], "cells": 128}, "geometry": {"type": "Polygon", "coordinates": [[[83.22945783676018, 17.747201486437422], [83.22887952107459, 17.74900728056126], [83.22695978800171, 17.74937905940812], [83.22561840105072, 17.747945064799985], [83.22619671963308, 17.746139291279707], [83.22811642227069, 17.745767491763736], [83.22945783676018, 17.747201486437422]]]}}, {"type": "Feature", "properties": {"h3": "893c930228bffff", "population": 0, "elderly_frac": 0.1, "hand_min_m": 61.82, "hand_deciles": [61.82, 64.33, 65.93, 66.72, 67.29, 68.36, 68.89, 69.9, 70.78, 72.11, 72.47], "cells": 34}, "geometry": {"type": "Polygon", "coordinates": [[[83.22348978269852, 17.760213167190003], [83.2229114335347, 17.762018764989303], [83.2209916986616, 17.76239036018411], [83.21965034339419, 17.760956378259657], [83.22022869544733, 17.75915080106036], [83.22214839987961, 17.758779185185237], [83.22348978269852, 17.760213167190003]]]}}, {"type": "Feature", "properties": {"h3": "893c930228fffff", "population": 0, "elderly_frac": 0.1, "hand_min_m": 47.34, "hand_deciles": [47.34, 47.34, 47.34, 47.34, 47.34, 47.34, 47.34, 47.34, 47.34, 47.34, 47.34], "cells": 1}, "geometry": {"type": "Polygon", "coordinates": [[[83.22675097311426, 17.761275500387484], [83.22617262684399, 17.763081118782058], [83.22425284183397, 17.763452740745535], [83.2229114335347, 17.762018764989303], [83.22348978269852, 17.760213167190003], [83.22540953726912, 17.759841524551376], [83.22675097311426, 17.761275500387484]]]}}, {"type": "Feature", "properties": {"h3": "893c93022abffff", "population": 0, "elderly_frac": 0.1, "hand_min_m": 11.98, "hand_deciles": [11.98, 13.55, 15.02, 15.71, 17.11, 17.79, 19.26, 20.28, 21.11, 23.01, 25.14], "cells": 31}, "geometry": {"type": "Polygon", "coordinates": [[[83.23251045700869, 17.760160417957486], [83.23193212149484, 17.761966104460125], [83.2300122666783, 17.762337800639127], [83.22867077781294, 17.760903830980887], [83.22924911622773, 17.759098165067645], [83.23116894060796, 17.75872644822297], [83.23251045700869, 17.760160417957486]]]}}, {"type": "Feature", "properties": {"h3": "893c93022c3ffff", "population": 0, "elderly_frac": 0.1, "hand_min_m": 20.35, "hand_deciles": [20.35, 22.77, 24.14, 25.72, 27.13, 28.68, 29.94, 31.85, 35.86, 49.02, 51.15], "cells": 125}, "geometry": {"type": "Polygon", "coordinates": [[[83.2194657127529, 17.755911208779338], [83.21888736566063, 17.757716812896085], [83.2169677113769, 17.758088402012163], [83.21562643462846, 17.756654407697567], [83.2162047846048, 17.75484882418908], [83.21812440844656, 17.754477214386654], [83.2194657127529, 17.755911208779338]]]}}, {"type": "Feature", "properties": {"h3": "893c93022c7ffff", "population": 0, "elderly_frac": 0.1, "hand_min_m": 30.74, "hand_deciles": [30.74, 55.34, 57.32, 58.72, 59.99, 60.87, 61.79, 62.99, 63.76, 64.8, 72.24], "cells": 126}, "geometry": {"type": "Polygon", "coordinates": [[[83.22272674408362, 17.756973560464946], [83.22214839987961, 17.758779185185237], [83.22022869544733, 17.75915080106036], [83.21888736566063, 17.757716812896085], [83.2194657127529, 17.755911208779338], [83.22138538674464, 17.755539572223046], [83.22272674408362, 17.756973560464946]]]}}, {"type": "Feature", "properties": {"h3": "893c93022cbffff", "population": 0, "elderly_frac": 0.1, "hand_min_m": 13.79, "hand_deciles": [13.79, 17.32, 18.82, 20.04, 21.41, 22.52, 23.83, 24.76, 25.99, 27.46, 32.16], "cells": 123}, "geometry": {"type": "Polygon", "coordinates": [[[83.21870275057782, 17.75267158336299], [83.21812440844656, 17.754477214386654], [83.2162047846048, 17.75484882418908], [83.21486353333704, 17.75341482365479], [83.21544187835133, 17.751609213242926], [83.21736147175137, 17.751237582753284], [83.21870275057782, 17.75267158336299]]]}}, {"type": "Feature", "properties": {"h3": "893c93022cfffff", "population": 0, "elderly_frac": 0.1, "hand_min_m": 29.5, "hand_deciles": [29.5, 36.77, 39.82, 41.97, 43.48, 45.56, 46.75, 50.36, 53.96, 56.51, 61.63], "cells": 125}, "geometry": {"type": "Polygon", "coordinates": [[[83.22196372598867, 17.753733920592275], [83.22138538674464, 17.755539572223046], [83.2194657127529, 17.755911208779338], [83.21812440844656, 17.754477214386654], [83.21870275057782, 17.75267158336299], [83.22062239412924, 17.75229992612464], [83.22196372598867, 17.753733920592275]]]}}, {"type": "Feature", "properties": {"h3": "893c93022d3ffff", "population": 0, "elderly_frac": 0.1, "hand_min_m": 15.61, "hand_deciles": [15.61, 17.63, 18.69, 19.88, 21.09, 21.9, 22.79, 24.02, 25.08, 25.78, 27.72], "cells": 124}, "geometry": {"type": "Polygon", "coordinates": [[[83.2169677113769, 17.758088402012163], [83.21638935643864, 17.759893958606725], [83.21446972187003, 17.760265500277537], [83.21312847268435, 17.758831506044167], [83.21370683050348, 17.757025970059036], [83.21562643462846, 17.756654407697567], [83.2169677113769, 17.758088402012163]]]}}, {"type": "Feature", "properties": {"h3": "893c93022d7ffff", "population": 0, "elderly_frac": 0.1, "hand_min_m": 26.45, "hand_deciles": [26.45, 27.35, 28.13, 28.37, 28.91, 30.54, 64.74, 65.34, 65.79, 67.47, 73.84], "cells": 70}, "geometry": {"type": "Polygon", "coordinates": [[[83.22022869544733, 17.75915080106036], [83.21965034339419, 17.760956378259657], [83.2177306586682, 17.76132794669023], [83.21638935643864, 17.759893958606725], [83.2169677113769, 17.758088402012163], [83.21888736566063, 17.757716812896085], [83.22022869544733, 17.75915080106036]]]}}, {"type": "Feature", "properties": {"h3": "893c93022dbffff", "population": 0, "elderly_frac": 0.1, "hand_min_m": 7.96, "hand_deciles": [7.96, 10.63, 12.02, 13.28, 14.14, 15.14, 15.94, 17.02, 18.15, 19.45, 22.1], "cells": 126}, "geometry": {"type": "Polygon", "coordinates": [[[83.2162047846048, 17.75484882418908], [83.21562643462846, 17.756654407697567], [83.21370683050348, 17.757025970059036], [83.21236560679928, 17.755591969603284], [83.21294395965545, 17.753786406707782], [83.21486353333704, 17.75341482365479], [83.2162047846048, 17.75484882418908]]]}}, {"type": "Feature", "properties": {"h3": "893c930230fffff", "population": 0, "elderly_frac": 0.1, "hand_min_m": 7.2, "hand_deciles": [7.2, 7.58, 7.96, 8.33, 8.75, 9.19, 9.62, 9.95, 10.05, 10.15, 10.25], "cells": 4}, "geometry": {"type": "Polygon", "coordinates": [[[83.25381559499502, 17.761115663974714], [83.25323728980514, 17.76292154835225], [83.25131714530265, 17.76329347332262], [83.24997533641694, 17.76185953454637], [83.2505536445352, 17.760053670732276], [83.25247375861184, 17.759681725130726], [83.25381559499502, 17.761115663974714]]]}}, {"type": "Feature", "properties": {"h3": "893c930232bffff", "population": 0, "elderly_frac": 0.1, "hand_min_m": 0.0, "hand_deciles": [0.0, 0.0, 0.0, 0.69, 1.44, 1.94, 2.57, 3.15, 4.21, 5.48, 8.01], "cells": 45}, "geometry": {"type": "Polygon", "coordinates": [[[83.25957615698175, 17.75999967257714], [83.25899786260906, 17.761805624999326], [83.25707764846223, 17.762177624190365], [83.25573575911187, 17.76074369158064], [83.25631405642034, 17.758937759715977], [83.25823424014443, 17.758565739903254], [83.25957615698175, 17.75999967257714]]]}}, {"type": "Feature", "properties": {"h3": "893c930232fffff", "population": 0, "elderly_frac": 0.1, "hand_min_m": 0.0, "hand_deciles": [0.0, 0.0, 0.0, 0.0, 0.0, 0.0, 0.0, 0.09, 0.37, 0.64, 0.92], "cells": 4}, "geometry": {"type": "Polygon", "coordinates": [[[83.26283836051981, 17.761061552398157], [83.26226006908715, 17.76286752537315], [83.2603398049206, 17.763239551365626], [83.25899786260906, 17.761805624999326], [83.25957615698175, 17.75999967257714], [83.26149639072698, 17.759627625968168], [83.26283836051981, 17.761061552398157]]]}}, {"type": "Feature", "properties": {"h3": "893c9302343ffff", "population": 0, "elderly_frac": 0.1, "hand_min_m": 3.76, "hand_deciles": [3.76, 5.06, 5.76, 6.04, 6.62, 7.51, 7.91, 8.71, 9.46, 10.47, 12.8], "cells": 55}, "geometry": {"type": "Polygon", "coordinates": [[[83.2465283727589, 17.755751823028014], [83.24595006666837, 17.757557693191725], [83.24403005270291, 17.7579295852216], [83.24268837525744, 17.756495627729894], [83.24326668426689, 17.75468977814261], [83.24518666780392, 17.75431786547034], [83.2465283727589, 17.755751823028014]]]}}, {"type": "Feature", "properties": {"h3": "893c9302347ffff", "population": 0, "elderly_frac": 0.1, "hand_min_m": 21.36, "hand_deciles": [21.36, 21.43, 21.5, 21.57, 21.64, 21.71, 21.78, 21.85, 21.92, 21.99, 22.06], "cells": 2}, "geometry": {"type": "Polygon", "coordinates": [[[83.24979016429266, 17.756813834927804], [83.24921186112525, 17.758619725663202], [83.2472917970991, 17.758991644476694], [83.24595006666837, 17.757557693191725], [83.2465283727589, 17.755751823028014], [83.24844840635805, 17.75537988357732], [83.24979016429266, 17.756813834927804]]]}}, {"type": "Feature", "properties": {"h3": "893c930234bffff", "population": 0, "elderly_frac": 0.1, "hand_min_m": 4.22, "hand_deciles": [4.22, 5.89, 6.57, 7.71, 8.46, 9.39, 9.95, 10.82, 12.02, 12.87, 15.58], "cells": 126}, "geometry": {"type": "Polygon", "coordinates": [[[83.2457649689424, 17.752511968399403], [83.24518666780392, 17.75431786547034], [83.24326668426689, 17.75468977814261], [83.24192503229753, 17.75325581438692], [83.24250333635386, 17.75144993789595], [83.24442328946272, 17.75107800458043], [83.2457649689424, 17.752511968399403]]]}}, {"type": "Feature", "properties": {"h3": "893c930234fffff", "population": 0, "elderly_frac": 0.1, "hand_min_m": 12.46, "hand_deciles": [12.46, 13.48, 13.99, 14.86, 15.4, 15.89, 16.68, 17.51, 18.57, 19.34, 19.93], "cells": 53}, "geometry": {"type": "Polygon", "coordinates": [[[83.24902670457445, 17.753573965931118], [83.24844840635805, 17.75537988357732], [83.2465283727589, 17.755751823028014], [83.24518666780392, 17.75431786547034], [83.2457649689424, 17.752511968399403], [83.2476849721148, 17.752140008310615], [83.24902670457445, 17.753573965931118]]]}}, {"type": "Feature", "properties": {"h3": "893c9302353ffff", "population": 0, "elderly_frac": 0.1, "hand_min_m": 0.38, "hand_deciles": [0.38, 0.63, 0.93, 1.3, 1.5, 1.92, 2.25, 2.83, 3.29, 4.24, 5.69], "cells": 68}, "geometry": {"type": "Polygon", "coordinates": [[[83.24403005270291, 17.7579295852216], [83.2434517387405, 17.759735407894652], [83.24153174441585, 17.760107252498674], [83.24019009448477, 17.758673295076054], [83.24076841136291, 17.756867492980604], [83.24268837525744, 17.756495627729894], [83.24403005270291, 17.7579295852216]]]}}, {"type": "Feature", "properties": {"h3": "893c930235bffff", "population": 0, "elderly_frac": 0.1, "hand_min_m": 0.37, "hand_deciles": [0.37, 0.83, 1.02, 1.43, 1.93, 2.18, 2.59, 3.39, 3.96, 4.65, 6.38], "cells": 125}, "geometry": {"type": "Polygon", "coordinates": [[[83.24326668426689, 17.75468977814261], [83.24268837525744, 17.756495627729894], [83.24076841136291, 17.756867492980604], [83.23942678690872, 17.75543352929133], [83.24000509883285, 17.753627700285193], [83.24192503229753, 17.75325581438692], [83.24326668426689, 17.75468977814261]]]}}, {"type": "Feature", "properties": {"h3": "893c9302363ffff", "population": 0, "elderly_frac": 0.1, "hand_min_m": 13.34, "hand_deciles": [13.34, 16.04, 17.89, 19.13, 20.41, 21.53, 23.07, 24.75, 26.72, 28.4, 32.92], "cells": 127}, "geometry": {"type": "Polygon", "coordinates": [[[83.25555048490413, 17.75569786202488], [83.25497219254459, 17.757503820807404], [83.25305205885189, 17.75787581382832], [83.25171024794369, 17.7564418686942], [83.25228854323377, 17.754635930477484], [83.25420864650258, 17.75426391682883], [83.25555048490413, 17.75569786202488]]]}}, {"type": "Feature", "properties": {"h3": "893c9302367ffff", "population": 0, "elderly_frac": 0.1, "hand_min_m": 1.25, "hand_deciles": [1.25, 6.39, 7.87, 8.96, 9.85, 10.67, 11.87, 12.7, 14.27, 15.97, 20.35], "cells": 128}, "geometry": {"type": "Polygon", "coordinates": [[[83.25881252956923, 17.756759760559664], [83.25823424014443, 17.758565739903254], [83.25631405642034, 17.758937759715977], [83.25497219254459, 17.757503820807404], [83.25555048490413, 17.75569786202488], [83.25747063820573, 17.75532582158959], [83.25881252956923, 17.756759760559664]]]}}, {"type": "Feature", "properties": {"h3": "893c930236bffff", "population": 0, "elderly_frac": 0.1, "hand_min_m": 15.0, "hand_deciles": [15.0, 18.35, 21.48, 24.14, 26.15, 27.79, 28.8, 30.61, 32.75, 36.31, 41.36], "cells": 127}, "geometry": {"type": "Polygon", "coordinates": [[[83.25478693391304, 17.752457931138974], [83.25420864650258, 17.75426391682883], [83.25228854323377, 17.754635930477484], [83.25094675780016, 17.75320197906463], [83.25152504814012, 17.751396013944127], [83.25344512098526, 17.751023979666865], [83.25478693391304, 17.752457931138974]]]}}, {"type": "Feature", "properties": {"h3": "893c930236fffff", "population": 0, "elderly_frac": 0.1, "hand_min_m": 0.0, "hand_deciles": [0.0, 5.21, 8.05, 10.97, 13.59, 14.78, 16.49, 18.55, 20.75, 22.67, 28.49], "cells": 126}, "geometry": {"type": "Polygon", "coordinates": [[[83.2580489226825, 17.753519815335128], [83.25747063820573, 17.75532582158959], [83.25555048490413, 17.75569786202488], [83.25420864650258, 17.75426391682883], [83.25478693391304, 17.752457931138974], [83.25670705679242, 17.752085870080286], [83.2580489226825, 17.753519815335128]]]}}, {"type": "Feature", "properties": {"h3": "893c9302373ffff", "population": 0, "elderly_frac": 0.1, "hand_min_m": 9.13, "hand_deciles": [9.13, 10.88, 12.32, 13.13, 14.17, 15.29, 16.22, 17.21, 18.22, 19.06, 21.07], "cells": 119}, "geometry": {"type": "Polygon", "coordinates": [[[83.25305205885189, 17.75787581382832], [83.25247375861184, 17.759681725130726], [83.2505536445352, 17.760053670732276], [83.24921186112525, 17.758619725663202], [83.24979016429266, 17.756813834927804], [83.25171024794369, 17.7564418686942], [83.25305205885189, 17.75787581382832]]]}}, {"type": "Feature", "properties": {"h3": "893c9302377ffff", "population": 0, "elderly_frac": 0.1, "hand_min_m": 0.0, "hand_deciles": [0.0, 2.32, 3.64, 4.84, 6.13, 7.21, 8.17, 9.02, 10.99, 13.91, 17.64], "cells": 94}, "geometry": {"type": "Polygon", "coordinates": [[[83.25631405642034, 17.758937759715977], [83.25573575911187, 17.76074369158064], [83.25381559499502, 17.761115663974714], [83.25247375861184, 17.759681725130726], [83.25305205885189, 17.75787581382832], [83.25497219254459, 17.757503820807404], [83.25631405642034, 17.758937759715977]]]}}, {"type": "Feature", "properties": {"h3": "893c930237bffff", "population": 0, "elderly_frac": 0.1, "hand_min_m": 18.47, "hand_deciles": [18.47, 21.54, 23.14, 24.86, 27.19, 31.16, 33.26, 34.91, 36.57, 38.06, 40.04], "cells": 104}, "geometry": {"type": "Polygon", "coordinates": [[[83.25228854323377, 17.754635930477484], [83.25171024794369, 17.7564418686942], [83.24979016429266, 17.756813834927804], [83.24844840635805, 17.75537988357732], [83.24902670457445, 17.753573965931118], [83.25094675780016, 17.75320197906463], [83.25228854323377, 17.754635930477484]]]}}, {"type": "Feature", "properties": {"h3": "893c93023cbffff", "population": 0, "elderly_frac": 0.1, "hand_min_m": 0.0, "hand_deciles": [0.0, 0.0, 0.0, 0.0, 0.13, 0.3, 0.39, 0.52, 0.76, 0.91, 1.19], "cells": 20}, "geometry": {"type": "Polygon", "coordinates": [[[83.24153174441585, 17.760107252498674], [83.24095342258387, 17.7619130276729], [83.23903344790719, 17.762284824846034], [83.23769182549535, 17.76085086749564], [83.2382701502399, 17.759045112900186], [83.24019009448477, 17.758673295076054], [83.24153174441585, 17.760107252498674]]]}}, {"type": "Feature", "properties": {"h3": "893c930266bffff", "population": 0, "elderly_frac": 0.1, "hand_min_m": 9.82, "hand_deciles": [9.82, 10.31, 10.66, 12.41, 13.49, 14.66, 14.9, 15.87, 16.9, 17.6, 18.91], "cells": 15}, "geometry": {"type": "Polygon", "coordinates": [[[83.21446972187003, 17.760265500277537], [83.21389135908808, 17.76207100934178], [83.21197174424171, 17.762442503562315], [83.21063052262365, 17.7610085094133], [83.21120888828331, 17.759203020959664], [83.21312847268435, 17.758831506044167], [83.21446972187003, 17.760265500277537]]]}}, {"type": "Feature", "properties": {"h3": "893c9302ad3ffff", "population": 0, "elderly_frac": 0.1, "hand_min_m": 0.37, "hand_deciles": [0.37, 0.37, 0.37, 0.37, 0.37, 0.37, 0.37, 0.37, 0.37, 0.37, 0.37], "cells": 1}, "geometry": {"type": "Polygon", "coordinates": [[[83.28012174902928, 17.75771200112317], [83.27954349014756, 17.75951817812286], [83.27762301731545, 17.759890426776217], [83.27628083377809, 17.75845651901764], [83.27685909562203, 17.756650362553042], [83.27877953804216, 17.756278093311657], [83.28012174902928, 17.75771200112317]]]}}, {"type": "Feature", "properties": {"h3": "893c9302adbffff", "population": 0, "elderly_frac": 0.1, "hand_min_m": 0.0, "hand_deciles": [0.0, 0.01, 0.08, 0.12, 0.19, 0.33, 0.33, 0.4, 0.57, 0.68, 0.75], "cells": 13}, "geometry": {"type": "Polygon", "coordinates": [[[83.27935779198287, 17.754471889397344], [83.27877953804216, 17.756278093311657], [83.27685909562203, 17.756650362553042], [83.2755169375554, 17.755216448468747], [83.27609519445731, 17.753410265093073], [83.2780156064657, 17.75303797526278], [83.27935779198287, 17.754471889397344]]]}}, {"type": "Feature", "properties": {"h3": "893c9302e4bffff", "population": 0, "elderly_frac": 0.1, "hand_min_m": 0.72, "hand_deciles": [0.72, 1.15, 1.38, 1.5, 1.7, 1.81, 1.9, 2.1, 2.39, 2.77, 5.02], "cells": 40}, "geometry": {"type": "Polygon", "coordinates": [[[83.26859928137027, 17.75994525795213], [83.26802100077506, 17.761751298950625], [83.26610066701828, 17.762123399165432], [83.26475864427596, 17.7606894789885], [83.26533692781857, 17.758883458536907], [83.26725723115715, 17.758511337715078], [83.26859928137027, 17.75994525795213]]]}}, {"type": "Feature", "properties": {"h3": "893c9302e6bffff", "population": 0, "elderly_frac": 0.1, "hand_min_m": 0.55, "hand_deciles": [0.55, 0.68, 0.8, 0.93, 1.03, 1.12, 1.21, 1.29, 1.32, 1.35, 1.39], "cells": 4}, "geometry": {"type": "Polygon", "coordinates": [[[83.27762301731545, 17.759890426776217], [83.2770447505296, 17.76169655631921], [83.27512429724631, 17.762068757567622], [83.27378214116358, 17.760634849865138], [83.27436041090849, 17.758828740858416], [83.27628083377809, 17.75845651901764], [83.27762301731545, 17.759890426776217]]]}}, {"type": "Feature", "properties": {"h3": "893c9303003ffff", "population": 0, "elderly_frac": 0.1, "hand_min_m": 5.29, "hand_deciles": [5.29, 5.31, 5.33, 5.35, 5.37, 5.39, 5.41, 5.43, 5.45, 5.47, 5.49], "cells": 2}, "geometry": {"type": "Polygon", "coordinates": [[[83.20032128601332, 17.7257440089359], [83.19974296713573, 17.727549745438125], [83.19782375712198, 17.72792139324308], [83.19648289643239, 17.726487325259473], [83.19706121816884, 17.724681609412755], [83.19898039773706, 17.724309940893857], [83.20032128601332, 17.7257440089359]]]}}, {"type": "Feature", "properties": {"h3": "893c9303007ffff", "population": 0, "elderly_frac": 0.1, "hand_min_m": 1.34, "hand_deciles": [1.34, 2.27, 2.73, 3.03, 3.39, 3.73, 4.19, 4.64, 5.2, 5.95, 10.04], "cells": 125}, "geometry": {"type": "Polygon", "coordinates": [[[83.20358145711947, 17.726806375719992], [83.20300314110494, 17.728612132873007], [83.20108388089051, 17.728983807377826], [83.19974296713573, 17.727549745438125], [83.20032128601332, 17.7257440089359], [83.20224051578366, 17.725372313722314], [83.20358145711947, 17.726806375719992]]]}}, {"type": "Feature", "properties": {"h3": "893c930300fffff", "population": 0, "elderly_frac": 0.1, "hand_min_m": 1.78, "hand_deciles": [1.78, 2.54, 3.05, 3.25, 3.5, 3.73, 4.23, 4.49, 4.69, 5.12, 5.83], "cells": 99}, "geometry": {"type": "Polygon", "coordinates": [[[83.20281882683285, 17.723566529757303], [83.20224051578366, 17.725372313722314], [83.20032128601332, 17.7257440089359], [83.19898039773706, 17.724309940893857], [83.1995587116483, 17.722504177583197], [83.20147791097479, 17.72213246165996], [83.20281882683285, 17.723566529757303]]]}}, {"type": "Feature", "properties": {"h3": "893c9303017ffff", "population": 0, "elderly_frac": 0.1, "hand_min_m": 5.46, "hand_deciles": [5.46, 8.1, 9.97, 10.3, 10.39, 10.76, 11.18, 11.62, 13.77, 14.17, 14.59], "cells": 27}, "geometry": {"type": "Polygon", "coordinates": [[[83.20108388089051, 17.728983807377826], [83.20050555704668, 17.730789517061087], [83.19858631658717, 17.731161144152935], [83.19724543041826, 17.729727082274362], [83.19782375712198, 17.72792139324308], [83.19974296713573, 17.727549745438125], [83.20108388089051, 17.728983807377826]]]}}, {"type": "Feature", "properties": {"h3": "893c9303023ffff", "population": 0, "elderly_frac": 0.1, "hand_min_m": 0.0, "hand_deciles": [0.0, 0.13, 0.44, 0.7, 0.86, 1.12, 1.32, 1.58, 1.81, 2.54, 3.73], "cells": 127}, "geometry": {"type": "Polygon", "coordinates": [[[83.20933936692758, 17.72569113587554], [83.20876106161506, 17.727496961135056], [83.20684173147112, 17.727868709751398], [83.20550073708172, 17.726434653807242], [83.2060790452647, 17.724628849192612], [83.20799834496763, 17.724257079876974], [83.20933936692758, 17.72569113587554]]]}}, {"type": "Feature", "properties": {"h3": "893c9303027ffff", "population": 0, "elderly_frac": 0.1, "hand_min_m": 1.61, "hand_deciles": [1.61, 3.48, 4.6, 5.89, 7.61, 9.03, 11.44, 13.03, 15.0, 16.95, 20.59], "cells": 127}, "geometry": {"type": "Polygon", "coordinates": [[[83.21259979180529, 17.726753389792396], [83.21202148936744, 17.728559235692124], [83.21010210905202, 17.728931011016517], [83.20876106161506, 17.727496961135056], [83.20933936692758, 17.72569113587554], [83.21125871680339, 17.725319339857002], [83.21259979180529, 17.726753389792396]]]}}, {"type": "Feature", "properties": {"h3": "893c930302bffff", "population": 0, "elderly_frac": 0.1, "hand_min_m": 0.0, "hand_deciles": [0.0, 0.08, 0.29, 0.38, 0.56, 0.74, 0.88, 1.0, 1.29, 1.52, 2.39], "cells": 127}, "geometry": {"type": "Polygon", "coordinates": [[[83.20857664531675, 17.722451227808904], [83.20799834496763, 17.724257079876974], [83.2060790452647, 17.724628849192612], [83.20473807635268, 17.72319478714009], [83.20531637957123, 17.721388955720478], [83.20723564883339, 17.72101716570467], [83.20857664531675, 17.722451227808904]]]}}, {"type": "Feature", "properties": {"h3": "893c930302fffff", "population": 0, "elderly_frac": 0.1, "hand_min_m": 1.56, "hand_deciles": [1.56, 2.82, 3.45, 3.89, 4.65, 5.46, 6.16, 6.94, 7.68, 9.03, 10.19], "cells": 125}, "geometry": {"type": "Polygon", "coordinates": [[[83.21183701427887, 17.723513467145196], [83.21125871680339, 17.725319339857002], [83.20933936692758, 17.72569113587554], [83.20799834496763, 17.724257079876974], [83.20857664531675, 17.722451227808904], [83.21049596475324, 17.72207941109539], [83.21183701427887, 17.723513467145196]]]}}, {"type": "Feature", "properties": {"h3": "893c9303033ffff", "population": 0, "elderly_frac": 0.1, "hand_min_m": 0.0, "hand_deciles": [0.0, 0.13, 0.46, 0.57, 0.73, 0.91, 1.19, 1.5, 1.83, 2.36, 6.45], "cells": 128}, "geometry": {"type": "Polygon", "coordinates": [[[83.20684173147112, 17.727868709751398], [83.20626341832387, 17.729674487550508], [83.20434410791891, 17.73004618875963], [83.20300314110494, 17.728612132873007], [83.20358145711947, 17.726806375719992], [83.20550073708172, 17.726434653807242], [83.20684173147112, 17.727868709751398]]]}}, {"type": "Feature", "properties": {"h3": "893c9303037ffff", "population": 0, "elderly_frac": 0.1, "hand_min_m": 0.0, "hand_deciles": [0.0, 1.0, 1.99, 3.44, 6.75, 7.58, 8.08, 8.78, 9.57, 10.24, 11.51], "cells": 127}, "geometry": {"type": "Polygon", "coordinates": [[[83.21010210905202, 17.728931011016517], [83.20952379877627, 17.730736809456978], [83.20760443819103, 17.73110853737489], [83.20626341832387, 17.729674487550508], [83.20684173147112, 17.727868709751398], [83.20876106161506, 17.727496961135056], [83.21010210905202, 17.728931011016517]]]}}, {"type": "Feature", "properties": {"h3": "893c930303bffff", "population": 0, "elderly_frac": 0.1, "hand_min_m": 0.13, "hand_deciles": [0.13, 0.36, 0.48, 0.58, 0.88, 1.02, 1.26, 1.51, 1.75, 2.07, 2.67], "cells": 126}, "geometry": {"type": "Polygon", "coordinates": [[[83.2060790452647, 17.724628849192612], [83.20550073708172, 17.726434653807242], [83.20358145711947, 17.726806375719992], [83.20224051578366, 17.725372313722314], [83.20281882683285, 17.723566529757303], [83.20473807635268, 17.72319478714009], [83.2060790452647, 17.724628849192612]]]}}, {"type": "Feature", "properties": {"h3": "893c9303063ffff", "population": 0, "elderly_frac": 0.1, "hand_min_m": 0.6, "hand_deciles": [0.6, 1.34, 1.99, 2.44, 3.26, 3.99, 4.7, 10.48, 11.6, 12.57, 13.92], "cells": 127}, "geometry": {"type": "Polygon", "coordinates": [[[83.20455373439015, 17.71814902935691], [83.20397543613618, 17.719954887570967], [83.20205621705854, 17.72032665089352], [83.20071532667778, 17.718892576707926], [83.2012936277959, 17.717086739150584], [83.20321281643166, 17.716714955121844], [83.20455373439015, 17.71814902935691]]]}}, {"type": "Feature", "properties": {"h3": "893c9303067ffff", "population": 0, "elderly_frac": 0.1, "hand_min_m": 0.0, "hand_deciles": [0.0, 0.0, 0.1, 0.24, 0.36, 0.54, 0.62, 0.82, 1.03, 1.93, 3.29], "cells": 128}, "geometry": {"type": "Polygon", "coordinates": [[[83.20781394421898, 17.719211286838622], [83.20723564883339, 17.72101716570467], [83.20531637957123, 17.721388955720478], [83.20397543613618, 17.719954887570967], [83.20455373439015, 17.71814902935691], [83.20647297321183, 17.717777218640094], [83.20781394421898, 17.719211286838622]]]}}, {"type": "Feature", "properties": {"h3": "893c930306bffff", "population": 0, "elderly_frac": 0.1, "hand_min_m": 5.62, "hand_deciles": [5.62, 7.02, 7.87, 8.39, 8.98, 9.44, 10.03, 10.39, 10.92, 11.38, 12.63], "cells": 125}, "geometry": {"type": "Polygon", "coordinates": [[[83.20379110972091, 17.71490907012388], [83.20321281643166, 17.716714955121844], [83.2012936277959, 17.717086739150584], [83.1999527628921, 17.715652658888146], [83.20053105904445, 17.713846794550438], [83.20245021723856, 17.713474989814657], [83.20379110972091, 17.71490907012388]]]}}, {"type": "Feature", "properties": {"h3": "893c930306fffff", "population": 0, "elderly_frac": 0.1, "hand_min_m": 0.0, "hand_deciles": [0.0, 0.04, 0.55, 0.76, 1.07, 1.4, 2.95, 8.04, 8.74, 9.32, 10.28], "cells": 125}, "geometry": {"type": "Polygon", "coordinates": [[[83.20705126363374, 17.715971312986575], [83.20647297321183, 17.717777218640094], [83.20455373439015, 17.71814902935691], [83.20321281643166, 17.716714955121844], [83.20379110972091, 17.71490907012388], [83.20571031810235, 17.71453723870518], [83.20705126363374, 17.715971312986575]]]}}, {"type": "Feature", "properties": {"h3": "893c9303073ffff", "population": 0, "elderly_frac": 0.1, "hand_min_m": 3.26, "hand_deciles": [3.26, 3.65, 4.15, 4.41, 4.71, 5.09, 5.33, 5.89, 6.05, 6.52, 14.68], "cells": 70}, "geometry": {"type": "Polygon", "coordinates": [[[83.20205621705854, 17.72032665089352], [83.20147791097479, 17.72213246165996], [83.1995587116483, 17.722504177583197], [83.19821784885015, 17.721070103450216], [83.19879615779486, 17.719264313341668], [83.20071532667778, 17.718892576707926], [83.20205621705854, 17.72032665089352]]]}}, {"type": "Feature", "properties": {"h3": "893c9303077ffff", "population": 0, "elderly_frac": 0.1, "hand_min_m": 0.21, "hand_deciles": [0.21, 0.64, 0.82, 0.95, 1.11, 1.43, 1.78, 2.04, 2.4, 2.78, 3.52], "cells": 128}, "geometry": {"type": "Polygon", "coordinates": [[[83.20531637957123, 17.721388955720478], [83.20473807635268, 17.72319478714009], [83.20281882683285, 17.723566529757303], [83.20147791097479, 17.72213246165996], [83.20205621705854, 17.72032665089352], [83.20397543613618, 17.719954887570967], [83.20531637957123, 17.721388955720478]]]}}, {"type": "Feature", "properties": {"h3": "893c930307bffff", "population": 0, "elderly_frac": 0.1, "hand_min_m": 11.54, "hand_deciles": [11.54, 12.11, 12.43, 12.63, 12.91, 13.41, 13.82, 14.06, 14.24, 14.52, 15.4], "cells": 36}, "geometry": {"type": "Polygon", "coordinates": [[[83.2012936277959, 17.717086739150584], [83.20071532667778, 17.718892576707926], [83.19879615779486, 17.719264313341668], [83.19745532047442, 17.71783023312915], [83.19803362445248, 17.71602441623323], [83.1999527628921, 17.715652658888146], [83.2012936277959, 17.717086739150584]]]}}, {"type": "Feature", "properties": {"h3": "893c93030a3ffff", "population": 0, "elderly_frac": 0.1, "hand_min_m": 1.65, "hand_deciles": [1.65, 3.07, 3.78, 4.45, 5.19, 5.81, 6.54, 7.37, 7.96, 8.73, 10.43], "cells": 127}, "geometry": {"type": "Polygon", "coordinates": [[[83.20510677923176, 17.733285968854304], [83.20452845328703, 17.73509167235174], [83.20260913218357, 17.73546330544158], [83.2012681674705, 17.73402925574077], [83.2018464962804, 17.732223572887044], [83.20376578693921, 17.731851919090136], [83.20510677923176, 17.733285968854304]]]}}, {"type": "Feature", "properties": {"h3": "893c93030a7ffff", "population": 0, "elderly_frac": 0.1, "hand_min_m": 0.0, "hand_deciles": [0.0, 0.0, 0.0, 0.0, 0.0, 0.0, 0.4, 0.97, 1.5, 2.32, 4.09], "cells": 126}, "geometry": {"type": "Polygon", "coordinates": [[[83.20836716542502, 17.73434833204112], [83.20778884234966, 17.736154056177543], [83.20586947105853, 17.736525715982044], [83.20452845328703, 17.73509167235174], [83.20510677923176, 17.733285968854304], [83.20702612007966, 17.732914288347914], [83.20836716542502, 17.73434833204112]]]}}, {"type": "Feature", "properties": {"h3": "893c93030abffff", "population": 0, "elderly_frac": 0.1, "hand_min_m": 1.62, "hand_deciles": [1.62, 5.77, 6.46, 7.15, 7.6, 8.27, 8.95, 9.46, 10.46, 11.93, 13.26], "cells": 128}, "geometry": {"type": "Polygon", "coordinates": [[[83.20434410791891, 17.73004618875963], [83.20376578693921, 17.731851919090136], [83.2018464962804, 17.732223572887044], [83.20050555704668, 17.730789517061087], [83.20108388089051, 17.728983807377826], [83.20300314110494, 17.728612132873007], [83.20434410791891, 17.73004618875963]]]}}, {"type": "Feature", "properties": {"h3": "893c93030afffff", "population": 0, "elderly_frac": 0.1, "hand_min_m": 0.0, "hand_deciles": [0.0, 0.02, 0.82, 1.22, 2.27, 3.06, 3.98, 4.92, 5.17, 6.02, 7.16], "cells": 127}, "geometry": {"type": "Polygon", "coordinates": [[[83.20760443819103, 17.73110853737489], [83.20702612007966, 17.732914288347914], [83.20510677923176, 17.733285968854304], [83.20376578693921, 17.731851919090136], [83.20434410791891, 17.73004618875963], [83.20626341832387, 17.729674487550508], [83.20760443819103, 17.73110853737489]]]}}, {"type": "Feature", "properties": {"h3": "893c93030b3ffff", "population": 0, "elderly_frac": 0.1, "hand_min_m": 3.14, "hand_deciles": [3.14, 4.06, 4.59, 5.02, 5.4, 6.17, 6.6, 7.05, 7.6, 8.44, 10.46], "cells": 90}, "geometry": {"type": "Polygon", "coordinates": [[[83.20260913218357, 17.73546330544158], [83.20203079840776, 17.737268961455264], [83.20011149705589, 17.73764054712355], [83.19877055992717, 17.736206497489214], [83.19934889656496, 17.734400862120413], [83.2012681674705, 17.73402925574077], [83.20260913218357, 17.73546330544158]]]}}, {"type": "Feature", "properties": {"h3": "893c93030b7ffff", "population": 0, "elderly_frac": 0.1, "hand_min_m": 0.0, "hand_deciles": [0.0, 0.03, 0.56, 1.05, 1.36, 1.55, 1.79, 2.2, 2.71, 3.04, 4.35], "cells": 125}, "geometry": {"type": "Polygon", "coordinates": [[[83.20586947105853, 17.736525715982044], [83.20529114014892, 17.738331392635875], [83.20337178860058, 17.738703005019534], [83.20203079840776, 17.737268961455264], [83.20260913218357, 17.73546330544158], [83.20452845328703, 17.73509167235174], [83.20586947105853, 17.736525715982044]]]}}, {"type": "Feature", "properties": {"h3": "893c93030bbffff", "population": 0, "elderly_frac": 0.1, "hand_min_m": 8.15, "hand_deciles": [8.15, 8.98, 9.86, 10.28, 10.71, 11.06, 11.5, 12.07, 12.65, 13.33, 13.89], "cells": 59}, "geometry": {"type": "Polygon", "coordinates": [[[83.2018464962804, 17.732223572887044], [83.2012681674705, 17.73402925574077], [83.19934889656496, 17.734400862120413], [83.19800798491634, 17.73296680635825], [83.19858631658717, 17.731161144152935], [83.20050555704668, 17.730789517061087], [83.2018464962804, 17.732223572887044]]]}}, {"type": "Feature", "properties": {"h3": "893c9303103ffff", "population": 0, "elderly_frac": 0.1, "hand_min_m": 8.54, "hand_deciles": [8.54, 12.5, 14.86, 16.81, 18.5, 19.88, 21.52, 23.37, 26.3, 29.19, 32.26], "cells": 125}, "geometry": {"type": "Polygon", "coordinates": [[[83.22314465134396, 17.733179888141578], [83.22256635259639, 17.734985769100295], [83.2206467913922, 17.735357603897818], [83.21930555937223, 17.7339235784141], [83.21988386100817, 17.73211771807788], [83.22180339177673, 17.7317458626026], [83.22314465134396, 17.733179888141578]]]}}, {"type": "Feature", "properties": {"h3": "893c9303107ffff", "population": 0, "elderly_frac": 0.1, "hand_min_m": 0.0, "hand_deciles": [0.0, 3.6, 5.05, 6.92, 8.5, 10.6, 12.59, 14.86, 18.43, 22.8, 29.04], "cells": 126}, "geometry": {"type": "Polygon", "coordinates": [[[83.22640554482793, 17.734242025370886], [83.22582724897295, 17.736047926947368], [83.22390763763956, 17.73641978847591], [83.22256635259639, 17.734985769100295], [83.22314465134396, 17.733179888141578], [83.22506423224314, 17.732808005940445], [83.22640554482793, 17.734242025370886]]]}}, {"type": "Feature", "properties": {"h3": "893c930310bffff", "population": 0, "elderly_frac": 0.1, "hand_min_m": 31.45, "hand_deciles": [31.45, 34.31, 36.56, 38.75, 41.44, 44.56, 47.42, 49.53, 53.55, 58.73, 66.77], "cells": 124}, "geometry": {"type": "Polygon", "coordinates": [[[83.22238168556524, 17.729939954810636], [83.22180339177673, 17.7317458626026], [83.21988386100817, 17.73211771807788], [83.2185426544645, 17.730683686439516], [83.21912095114033, 17.728877799273576], [83.22104045147354, 17.728505923119688], [83.22238168556524, 17.729939954810636]]]}}, {"type": "Feature", "properties": {"h3": "893c930310fffff", "population": 0, "elderly_frac": 0.1, "hand_min_m": 19.98, "hand_deciles": [19.98, 29.22, 32.45, 35.4, 38.3, 40.68, 42.65, 45.37, 48.43, 52.48, 56.48], "cells": 124}, "geometry": {"type": "Polygon", "coordinates": [[[83.22564252314011, 17.731002077527176], [83.22506423224314, 17.732808005940445], [83.22314465134396, 17.733179888141578], [83.22180339177673, 17.7317458626026], [83.22238168556524, 17.729939954810636], [83.22430123603046, 17.729568051936056], [83.22564252314011, 17.731002077527176]]]}}, {"type": "Feature", "properties": {"h3": "893c9303113ffff", "population": 0, "elderly_frac": 0.1, "hand_min_m": 4.16, "hand_deciles": [4.16, 12.8, 16.09, 20.12, 21.2, 22.81, 24.67, 25.73, 26.32, 27.76, 33.0], "cells": 127}, "geometry": {"type": "Polygon", "coordinates": [[[83.2206467913922, 17.735357603897818], [83.22006848479629, 17.737163437393782], [83.21814894329418, 17.73753522478265], [83.21680773882632, 17.736101199357346], [83.21738604830743, 17.73429538648504], [83.21930555937223, 17.7339235784141], [83.2206467913922, 17.735357603897818]]]}}, {"type": "Feature", "properties": {"h3": "893c9303117ffff", "population": 0, "elderly_frac": 0.1, "hand_min_m": 1.35, "hand_deciles": [1.35, 4.14, 5.96, 7.31, 8.44, 9.87, 11.18, 12.62, 14.97, 17.94, 31.4], "cells": 127}, "geometry": {"type": "Polygon", "coordinates": [[[83.22390763763956, 17.73641978847591], [83.22332933393307, 17.73822564259082], [83.22140974229296, 17.738597456711457], [83.22006848479629, 17.737163437393782], [83.2206467913922, 17.735357603897818], [83.22256635259639, 17.734985769100295], [83.22390763763956, 17.73641978847591]]]}}, {"type": "Feature", "properties": {"h3": "893c930311bffff", "population": 0, "elderly_frac": 0.1, "hand_min_m": 8.51, "hand_deciles": [8.51, 12.87, 16.78, 19.38, 21.72, 23.81, 26.4, 28.47, 31.46, 35.22, 43.92], "cells": 126}, "geometry": {"type": "Polygon", "coordinates": [[[83.21988386100817, 17.73211771807788], [83.21930555937223, 17.7339235784141], [83.21738604830743, 17.73429538648504], [83.21604486931668, 17.732861354902415], [83.21662317383677, 17.73105551519338], [83.2185426544645, 17.730683686439516], [83.21988386100817, 17.73211771807788]]]}}, {"type": "Feature", "properties": {"h3": "893c9303123ffff", "population": 0, "elderly_frac": 0.1, "hand_min_m": 0.72, "hand_deciles": [0.72, 3.82, 5.49, 7.0, 8.14, 9.14, 10.76, 11.99, 13.73, 14.99, 17.78], "cells": 127}, "geometry": {"type": "Polygon", "coordinates": [[[83.23216450767474, 17.733126224444202], [83.23158622257353, 17.734932194085943], [83.2296665414438, 17.735304129752155], [83.22832517584747, 17.733870116439448], [83.22890346384868, 17.732064167409558], [83.23082311454725, 17.73169221108026], [83.23216450767474, 17.733126224444202]]]}}, {"type": "Feature", "properties": {"h3": "893c9303127ffff", "population": 0, "elderly_frac": 0.1, "hand_min_m": 0.0, "hand_deciles": [0.0, 0.0, 0.0, 0.0, 0.0, 0.0, 0.7, 1.59, 2.56, 3.96, 6.35], "cells": 127}, "geometry": {"type": "Polygon", "coordinates": [[[83.23542565460205, 17.734188248617457], [83.23484737240503, 17.73599423886635], [83.2329276411754, 17.736366201271764], [83.23158622257353, 17.734932194085943], [83.23216450767474, 17.733126224444202], [83.23408420847467, 17.732754241380864], [83.23542565460205, 17.734188248617457]]]}}, {"type": "Feature", "properties": {"h3": "893c930312bffff", "population": 0, "elderly_frac": 0.1, "hand_min_m": 16.26, "hand_deciles": [16.26, 18.99, 20.65, 22.28, 23.43, 24.78, 26.26, 28.01, 29.86, 31.76, 34.88], "cells": 126}, "geometry": {"type": "Polygon", "coordinates": [[[83.23140139469238, 17.729886214605166], [83.23082311454725, 17.73169221108026], [83.22890346384868, 17.732064167409558], [83.22756212372713, 17.73063014792746], [83.22814040677119, 17.728824172067775], [83.2300600270389, 17.7284521950745], [83.23140139469238, 17.729886214605166]]]}}, {"type": "Feature", "properties": {"h3": "893c930312fffff", "population": 0, "elderly_frac": 0.1, "hand_min_m": 4.45, "hand_deciles": [4.45, 6.99, 8.2, 9.38, 10.25, 11.39, 12.41, 13.63, 14.79, 16.15, 18.44], "cells": 127}, "geometry": {"type": "Polygon", "coordinates": [[[83.23466248571664, 17.73094822429507], [83.23408420847467, 17.732754241380864], [83.23216450767474, 17.733126224444202], [83.23082311454725, 17.73169221108026], [83.23140139469238, 17.729886214605166], [83.23332106506288, 17.729514210883032], [83.23466248571664, 17.73094822429507]]]}}, {"type": "Feature", "properties": {"h3": "893c9303133ffff", "population": 0, "elderly_frac": 0.1, "hand_min_m": 0.0, "hand_deciles": [0.0, 0.0, 1.5, 2.97, 4.24, 5.38, 6.54, 7.99, 9.45, 12.13, 15.82], "cells": 126}, "geometry": {"type": "Polygon", "coordinates": [[[83.2296665414438, 17.735304129752155], [83.22908824848564, 17.737110051941666], [83.22716858703329, 17.737481940205704], [83.22582724897295, 17.736047926947368], [83.22640554482793, 17.734242025370886], [83.22832517584747, 17.733870116439448], [83.2296665414438, 17.735304129752155]]]}}, {"type": "Feature", "properties": {"h3": "893c9303137ffff", "population": 0, "elderly_frac": 0.1, "hand_min_m": 0.0, "hand_deciles": [0.0, 0.0, 0.79, 1.33, 2.11, 2.58, 3.65, 5.71, 7.68, 10.39, 12.56], "cells": 126}, "geometry": {"type": "Polygon", "coordinates": [[[83.2329276411754, 17.736366201271764], [83.23234935111826, 17.738172144069615], [83.23042963955716, 17.73854405907358], [83.22908824848564, 17.737110051941666], [83.2296665414438, 17.735304129752155], [83.23158622257353, 17.734932194085943], [83.2329276411754, 17.736366201271764]]]}}, {"type": "Feature", "properties": {"h3": "893c930313bffff", "population": 0, "elderly_frac": 0.1, "hand_min_m": 11.89, "hand_deciles": [11.89, 17.53, 19.5, 21.05, 22.5, 24.48, 26.5, 28.25, 30.39, 33.37, 38.49], "cells": 125}, "geometry": {"type": "Polygon", "coordinates": [[[83.22890346384868, 17.732064167409558], [83.22832517584747, 17.733870116439448], [83.22640554482793, 17.734242025370886], [83.22506423224314, 17.732808005940445], [83.22564252314011, 17.731002077527176], [83.22756212372713, 17.73063014792746], [83.22890346384868, 17.732064167409558]]]}}, {"type": "Feature", "properties": {"h3": "893c9303143ffff", "population": 0, "elderly_frac": 0.1, "hand_min_m": 21.54, "hand_deciles": [21.54, 24.05, 25.84, 27.88, 30.24, 31.94, 33.49, 35.21, 36.71, 37.64, 39.03], "cells": 125}, "geometry": {"type": "Polygon", "coordinates": [[[83.21835806178815, 17.72563784750686], [83.21777977007258, 17.727443761491976], [83.21586031988161, 17.72781561092963], [83.21451919184378, 17.72638156706654], [83.21509748644142, 17.724575673715727], [83.21701690619588, 17.724203803593433], [83.21835806178815, 17.72563784750686]]]}}, {"type": "Feature", "properties": {"h3": "893c9303147ffff", "population": 0, "elderly_frac": 0.1, "hand_min_m": 37.52, "hand_deciles": [37.52, 38.99, 51.07, 63.19, 66.7, 69.6, 73.15, 74.94, 75.8, 78.2, 80.38], "cells": 126}, "geometry": {"type": "Polygon", "coordinates": [[[83.22161874030284, 17.726699988505], [83.22104045147354, 17.728505923119688], [83.21912095114033, 17.728877799273576], [83.21777977007258, 17.727443761491976], [83.21835806178815, 17.72563784750686], [83.22027753168624, 17.725265950673496], [83.22161874030284, 17.726699988505]]]}}, {"type": "Feature", "properties": {"h3": "893c930314bffff", "population": 0, "elderly_frac": 0.1, "hand_min_m": 18.52, "hand_deciles": [18.52, 21.15, 22.07, 23.45, 24.25, 25.32, 26.11, 27.17, 28.04, 29.31, 34.91], "cells": 123}, "geometry": {"type": "Polygon", "coordinates": [[[83.21759519295104, 17.722397862799674], [83.21701690619588, 17.724203803593433], [83.21509748644142, 17.724575673715727], [83.21375638387946, 17.723141623729507], [83.21433467351565, 17.7213357035736], [83.21625406283384, 17.72096381276581], [83.21759519295104, 17.722397862799674]]]}}, {"type": "Feature", "properties": {"h3": "893c930314fffff", "population": 0, "elderly_frac": 0.1, "hand_min_m": 29.16, "hand_deciles": [29.16, 30.59, 31.96, 56.78, 58.5, 65.68, 69.35, 72.39, 73.97, 75.61, 79.64], "cells": 125}, "geometry": {"type": "Polygon", "coordinates": [[[83.22085581555618, 17.72345998924662], [83.22027753168624, 17.725265950673496], [83.21835806178815, 17.72563784750686], [83.21701690619588, 17.724203803593433], [83.21759519295104, 17.722397862799674], [83.21951463241429, 17.72202594528597], [83.22085581555618, 17.72345998924662]]]}}, {"type": "Feature", "properties": {"h3": "893c9303153ffff", "population": 0, "elderly_frac": 0.1, "hand_min_m": 13.01, "hand_deciles": [13.01, 19.67, 20.68, 21.95, 23.24, 24.46, 25.38, 26.69, 27.63, 29.19, 31.42], "cells": 128}, "geometry": {"type": "Polygon", "coordinates": [[[83.21586031988161, 17.72781561092963], [83.21528202032266, 17.729621477464807], [83.21336258984597, 17.72999327950172], [83.21202148936744, 17.728559235692124], [83.21259979180529, 17.726753389792396], [83.21451919184378, 17.72638156706654], [83.21586031988161, 17.72781561092963]]]}}, {"type": "Feature", "properties": {"h3": "893c9303157ffff", "population": 0, "elderly_frac": 0.1, "hand_min_m": 21.87, "hand_deciles": [21.87, 25.97, 27.43, 28.95, 30.2, 31.78, 32.87, 34.17, 35.75, 38.72, 45.43], "cells": 126}, "geometry": {"type": "Polygon", "coordinates": [[[83.21912095114033, 17.728877799273576], [83.2185426544645, 17.730683686439516], [83.21662317383677, 17.73105551519338], [83.21528202032266, 17.729621477464807], [83.21586031988161, 17.72781561092963], [83.21777977007258, 17.727443761491976], [83.21912095114033, 17.728877799273576]]]}}, {"type": "Feature", "properties": {"h3": "893c930315bffff", "population": 0, "elderly_frac": 0.1, "hand_min_m": 9.57, "hand_deciles": [9.57, 11.49, 12.5, 13.52, 14.56, 15.75, 16.71, 17.99, 18.9, 20.49, 28.43], "cells": 126}, "geometry": {"type": "Polygon", "coordinates": [[[83.21509748644142, 17.724575673715727], [83.21451919184378, 17.72638156706654], [83.21259979180529, 17.726753389792396], [83.21125871680339, 17.725319339857002], [83.21183701427887, 17.723513467145196], [83.21375638387946, 17.723141623729507], [83.21509748644142, 17.724575673715727]]]}}, {"type": "Feature", "properties": {"h3": "893c9303163ffff", "population": 0, "elderly_frac": 0.1, "hand_min_m": 39.64, "hand_deciles": [39.64, 42.67, 45.1, 47.37, 49.69, 52.39, 54.65, 56.72, 58.32, 61.05, 67.06], "cells": 128}, "geometry": {"type": "Polygon", "coordinates": [[[83.2273773702108, 17.725584143748698], [83.22679909212401, 17.727390146427656], [83.22487952196926, 17.727762096696512], [83.22353826033437, 17.726328064956117], [83.22411654131484, 17.724522082900833], [83.22603608103756, 17.724150111962], [83.2273773702108, 17.725584143748698]]]}}, {"type": "Feature", "properties": {"h3": "893c9303167ffff", "population": 0, "elderly_frac": 0.1, "hand_min_m": 20.98, "hand_deciles": [20.98, 23.73, 25.85, 27.96, 29.48, 31.12, 33.11, 34.65, 36.57, 38.54, 45.34], "cells": 128}, "geometry": {"type": "Polygon", "coordinates": [[[83.23063830222782, 17.726646171776594], [83.2300600270389, 17.7284521950745], [83.22814040677119, 17.728824172067775], [83.22679909212401, 17.727390146427656], [83.2273773702108, 17.725584143748698], [83.22929696004792, 17.725212146090616], [83.23063830222782, 17.726646171776594]]]}}, {"type": "Feature", "properties": {"h3": "893c930316bffff", "population": 0, "elderly_frac": 0.1, "hand_min_m": 36.82, "hand_deciles": [36.82, 41.05, 44.52, 46.51, 47.99, 49.49, 51.22, 52.82, 54.88, 59.8, 64.57], "cells": 127}, "geometry": {"type": "Polygon", "coordinates": [[[83.22661435416694, 17.722344082474315], [83.22603608103756, 17.724150111962], [83.22411654131484, 17.724522082900833], [83.22277530515429, 17.723088045022575], [83.2233535811763, 17.72128203616212], [83.22527309046728, 17.720910044552422], [83.22661435416694, 17.722344082474315]]]}}, {"type": "Feature", "properties": {"h3": "893c930316fffff", "population": 0, "elderly_frac": 0.1, "hand_min_m": 18.36, "hand_deciles": [18.36, 21.54, 25.01, 27.43, 29.46, 31.24, 33.2, 35.07, 37.53, 40.04, 43.55], "cells": 128}, "geometry": {"type": "Polygon", "coordinates": [[[83.22987523028044, 17.72340609598042], [83.22929696004792, 17.725212146090616], [83.2273773702108, 17.725584143748698], [83.22603608103756, 17.724150111962], [83.22661435416694, 17.722344082474315], [83.22853391357373, 17.721972064150542], [83.22987523028044, 17.72340609598042]]]}}, {"type": "Feature", "properties": {"h3": "893c9303173ffff", "population": 0, "elderly_frac": 0.1, "hand_min_m": 54.06, "hand_deciles": [54.06, 56.97, 59.08, 60.58, 62.14, 64.01, 65.78, 67.25, 69.3, 71.06, 73.22], "cells": 125}, "geometry": {"type": "Polygon", "coordinates": [[[83.22487952196926, 17.727762096696512], [83.22430123603046, 17.729568051936056], [83.22238168556524, 17.729939954810636], [83.22104045147354, 17.728505923119688], [83.22161874030284, 17.726699988505], [83.22353826033437, 17.726328064956117], [83.22487952196926, 17.727762096696512]]]}}, {"type": "Feature", "properties": {"h3": "893c9303177ffff", "population": 0, "elderly_frac": 0.1, "hand_min_m": 32.69, "hand_deciles": [32.69, 36.28, 38.69, 40.72, 42.52, 44.13, 46.16, 47.8, 49.99, 52.35, 55.34], "cells": 126}, "geometry": {"type": "Polygon", "coordinates": [[[83.22814040677119, 17.728824172067775], [83.22756212372713, 17.73063014792746], [83.22564252314011, 17.731002077527176], [83.22430123603046, 17.729568051936056], [83.22487952196926, 17.727762096696512], [83.22679909212401, 17.727390146427656], [83.22814040677119, 17.728824172067775]]]}}, {"type": "Feature", "properties": {"h3": "893c930317bffff", "population": 0, "elderly_frac": 0.1, "hand_min_m": 56.48, "hand_deciles": [56.48, 62.99, 64.64, 66.56, 67.89, 69.45, 71.05, 72.32, 73.69, 74.82, 80.91], "cells": 127}, "geometry": {"type": "Polygon", "coordinates": [[[83.22411654131484, 17.724522082900833], [83.22353826033437, 17.726328064956117], [83.22161874030284, 17.726699988505], [83.22027753168624, 17.725265950673496], [83.22085581555618, 17.72345998924662], [83.22277530515429, 17.723088045022575], [83.22411654131484, 17.724522082900833]]]}}, {"type": "Feature", "properties": {"h3": "893c9303183ffff", "population": 0, "elderly_frac": 0.1, "hand_min_m": 0.0, "hand_deciles": [0.0, 0.0, 0.27, 0.59, 0.79, 0.99, 1.15, 1.43, 1.93, 2.71, 3.71], "cells": 127}, "geometry": {"type": "Polygon", "coordinates": [[[83.21891185879758, 17.740775030064302], [83.21833353939492, 17.742580789231578], [83.21641398716281, 17.74295250852127], [83.21507278477364, 17.741518489328925], [83.21565110705937, 17.739712750782928], [83.21757062885223, 17.73934101080772], [83.21891185879758, 17.740775030064302]]]}}, {"type": "Feature", "properties": {"h3": "893c9303187ffff", "population": 0, "elderly_frac": 0.1, "hand_min_m": 0.0, "hand_deciles": [0.0, 0.0, 0.0, 0.37, 0.76, 0.97, 1.18, 1.61, 1.81, 2.28, 19.18], "cells": 126}, "geometry": {"type": "Polygon", "coordinates": [[[83.22217271371105, 17.741837276496835], [83.22159439719566, 17.74364305628067], [83.21967479481818, 17.744014802308023], [83.21833353939492, 17.742580789231578], [83.21891185879758, 17.740775030064302], [83.22083143073725, 17.740403263356615], [83.22217271371105, 17.741837276496835]]]}}, {"type": "Feature", "properties": {"h3": "893c930318bffff", "population": 0, "elderly_frac": 0.1, "hand_min_m": 0.1, "hand_deciles": [0.1, 1.41, 2.0, 2.23, 2.53, 2.72, 3.26, 6.82, 7.67, 8.22, 26.25], "cells": 127}, "geometry": {"type": "Polygon", "coordinates": [[[83.21814894329418, 17.73753522478265], [83.21757062885223, 17.73934101080772], [83.21565110705937, 17.739712750782928], [83.21430993014847, 17.738278725419153], [83.21488824747246, 17.736472960018922], [83.21680773882632, 17.736101199357346], [83.21814894329418, 17.73753522478265]]]}}, {"type": "Feature", "properties": {"h3": "893c930318fffff", "population": 0, "elderly_frac": 0.1, "hand_min_m": 0.91, "hand_deciles": [0.91, 3.93, 4.81, 5.74, 6.23, 7.05, 20.06, 22.29, 24.34, 30.37, 32.65], "cells": 128}, "geometry": {"type": "Polygon", "coordinates": [[[83.22140974229296, 17.738597456711457], [83.22083143073725, 17.740403263356615], [83.21891185879758, 17.740775030064302], [83.21757062885223, 17.73934101080772], [83.21814894329418, 17.73753522478265], [83.22006848479629, 17.737163437393782], [83.22140974229296, 17.738597456711457]]]}}, {"type": "Feature", "properties": {"h3": "893c9303193ffff", "population": 0, "elderly_frac": 0.1, "hand_min_m": 0.0, "hand_deciles": [0.0, 0.0, 0.17, 0.38, 0.56, 0.71, 0.83, 1.11, 1.28, 1.76, 2.89], "cells": 126}, "geometry": {"type": "Polygon", "coordinates": [[[83.21641398716281, 17.74295250852127], [83.21583565991547, 17.744758220202485], [83.21391612739805, 17.745129892069173], [83.21257495256992, 17.74369587294418], [83.21315328269715, 17.74189018188542], [83.21507278477364, 17.741518489328925], [83.21641398716281, 17.74295250852127]]]}}, {"type": "Feature", "properties": {"h3": "893c9303197ffff", "population": 0, "elderly_frac": 0.1, "hand_min_m": 0.0, "hand_deciles": [0.0, 0.72, 1.19, 1.57, 1.86, 2.6, 2.98, 3.7, 4.99, 6.82, 9.32], "cells": 127}, "geometry": {"type": "Polygon", "coordinates": [[[83.21967479481818, 17.744014802308023], [83.21909647045494, 17.74582053460698], [83.21717688778332, 17.746192233212014], [83.21583565991547, 17.744758220202485], [83.21641398716281, 17.74295250852127], [83.21833353939492, 17.742580789231578], [83.21967479481818, 17.744014802308023]]]}}, {"type": "Feature", "properties": {"h3": "893c930319bffff", "population": 0, "elderly_frac": 0.1, "hand_min_m": 0.0, "hand_deciles": [0.0, 0.0, 0.13, 0.33, 0.49, 0.71, 1.02, 1.41, 1.6, 1.77, 2.63], "cells": 128}, "geometry": {"type": "Polygon", "coordinates": [[[83.21565110705937, 17.739712750782928], [83.21507278477364, 17.741518489328925], [83.21315328269715, 17.74189018188542], [83.21181213334806, 17.740456156586326], [83.21239045851264, 17.73865043866634], [83.21430993014847, 17.738278725419153], [83.21565110705937, 17.739712750782928]]]}}, {"type": "Feature", "properties": {"h3": "893c93031a3ffff", "population": 0, "elderly_frac": 0.1, "hand_min_m": 0.0, "hand_deciles": [0.0, 1.66, 4.42, 5.82, 7.15, 8.69, 10.71, 13.25, 16.15, 18.51, 24.61], "cells": 126}, "geometry": {"type": "Polygon", "coordinates": [[[83.22793164975675, 17.740721822009704], [83.22735334398615, 17.74252766988094], [83.22543367178355, 17.74289949006692], [83.2240923357873, 17.741465483052238], [83.22467064445256, 17.73965965579167], [83.22659028622043, 17.739287814934848], [83.22793164975675, 17.740721822009704]]]}}, {"type": "Feature", "properties": {"h3": "893c93031a7ffff", "population": 0, "elderly_frac": 0.1, "hand_min_m": 0.0, "hand_deciles": [0.0, 0.0, 0.5, 0.95, 1.66, 2.12, 2.65, 3.17, 3.98, 15.31, 17.55], "cells": 125}, "geometry": {"type": "Polygon", "coordinates": [[[83.2311927581893, 17.741783955351917], [83.23061445531759, 17.7435898238291], [83.22869473299885, 17.74396167076093], [83.22735334398615, 17.74252766988094], [83.22793164975675, 17.740721822009704], [83.22985134164216, 17.740349954412217], [83.2311927581893, 17.741783955351917]]]}}, {"type": "Feature", "properties": {"h3": "893c93031abffff", "population": 0, "elderly_frac": 0.1, "hand_min_m": 0.0, "hand_deciles": [0.0, 1.62, 4.2, 6.89, 9.11, 10.69, 13.18, 15.38, 17.05, 19.25, 21.99], "cells": 125}, "geometry": {"type": "Polygon", "coordinates": [[[83.22716858703329, 17.737481940205704], [83.22659028622043, 17.739287814934848], [83.22467064445256, 17.73965965579167], [83.22332933393307, 17.73822564259082], [83.22390763763956, 17.73641978847591], [83.22582724897295, 17.736047926947368], [83.22716858703329, 17.737481940205704]]]}}, {"type": "Feature", "properties": {"h3": "893c93031afffff", "population": 0, "elderly_frac": 0.1, "hand_min_m": 0.0, "hand_deciles": [0.0, 1.94, 5.54, 8.01, 10.03, 12.21, 13.3, 14.5, 16.5, 18.43, 22.83], "cells": 123}, "geometry": {"type": "Polygon", "coordinates": [[[83.23042963955716, 17.73854405907358], [83.22985134164216, 17.740349954412217], [83.22793164975675, 17.740721822009704], [83.22659028622043, 17.739287814934848], [83.22716858703329, 17.737481940205704], [83.22908824848564, 17.737110051941666], [83.23042963955716, 17.73854405907358]]]}}, {"type": "Feature", "properties": {"h3": "893c93031b3ffff", "population": 0, "elderly_frac": 0.1, "hand_min_m": 0.0, "hand_deciles": [0.0, 0.0, 0.0, 1.02, 1.45, 1.79, 2.82, 4.02, 5.48, 6.79, 12.2], "cells": 128}, "geometry": {"type": "Polygon", "coordinates": [[[83.22543367178355, 17.74289949006692], [83.22485535815967, 17.744705290462598], [83.222935705647, 17.74507706323203], [83.22159439719566, 17.74364305628067], [83.22217271371105, 17.741837276496835], [83.2240923357873, 17.741465483052238], [83.22543367178355, 17.74289949006692]]]}}, {"type": "Feature", "properties": {"h3": "893c93031b7ffff", "population": 0, "elderly_frac": 0.1, "hand_min_m": 0.0, "hand_deciles": [0.0, 0.0, 1.14, 1.74, 2.54, 3.86, 5.6, 7.09, 8.9, 10.54, 13.37], "cells": 127}, "geometry": {"type": "Polygon", "coordinates": [[[83.22869473299885, 17.74396167076093], [83.22811642227069, 17.745767491763736], [83.22619671963308, 17.746139291279707], [83.22485535815967, 17.744705290462598], [83.22543367178355, 17.74289949006692], [83.22735334398615, 17.74252766988094], [83.22869473299885, 17.74396167076093]]]}}, {"type": "Feature", "properties": {"h3": "893c93031bbffff", "population": 0, "elderly_frac": 0.1, "hand_min_m": 1.35, "hand_deciles": [1.35, 12.86, 14.79, 16.55, 17.93, 19.93, 22.05, 23.72, 25.02, 26.32, 28.2], "cells": 127}, "geometry": {"type": "Polygon", "coordinates": [[[83.22467064445256, 17.73965965579167], [83.2240923357873, 17.741465483052238], [83.22217271371105, 17.741837276496835], [83.22083143073725, 17.740403263356615], [83.22140974229296, 17.738597456711457], [83.22332933393307, 17.73822564259082], [83.22467064445256, 17.73965965579167]]]}}, {"type": "Feature", "properties": {"h3": "893c93031c3ffff", "population": 0, "elderly_frac": 0.1, "hand_min_m": 0.0, "hand_deciles": [0.0, 0.0, 0.91, 1.47, 2.47, 3.3, 4.19, 5.2, 6.44, 7.6, 10.03], "cells": 126}, "geometry": {"type": "Polygon", "coordinates": [[[83.2141254084015, 17.7332331362512], [83.21354709603943, 17.735038928495154], [83.211627654844, 17.735410662433868], [83.21028655645179, 17.733976624820784], [83.21086487169063, 17.732170853209958], [83.21278428244594, 17.731799098578815], [83.2141254084015, 17.7332331362512]]]}}, {"type": "Feature", "properties": {"h3": "893c93031c7ffff", "population": 0, "elderly_frac": 0.1, "hand_min_m": 0.76, "hand_deciles": [0.76, 1.53, 2.43, 3.58, 4.03, 4.72, 5.6, 6.44, 7.23, 8.61, 30.88], "cells": 127}, "geometry": {"type": "Polygon", "coordinates": [[[83.21738604830743, 17.73429538648504], [83.21680773882632, 17.736101199357346], [83.21488824747246, 17.736472960018922], [83.21354709603943, 17.735038928495154], [83.2141254084015, 17.7332331362512], [83.21604486931668, 17.732861354902415], [83.21738604830743, 17.73429538648504]]]}}, {"type": "Feature", "properties": {"h3": "893c93031cbffff", "population": 0, "elderly_frac": 0.1, "hand_min_m": 6.42, "hand_deciles": [6.42, 8.1, 9.35, 10.34, 11.27, 12.02, 12.94, 14.06, 15.19, 16.66, 18.88], "cells": 128}, "geometry": {"type": "Polygon", "coordinates": [[[83.21336258984597, 17.72999327950172], [83.21278428244594, 17.731799098578815], [83.21086487169063, 17.732170853209958], [83.20952379877627, 17.730736809456978], [83.21010210905202, 17.728931011016517], [83.21202148936744, 17.728559235692124], [83.21336258984597, 17.72999327950172]]]}}, {"type": "Feature", "properties": {"h3": "893c93031cfffff", "population": 0, "elderly_frac": 0.1, "hand_min_m": 7.93, "hand_deciles": [7.93, 10.28, 11.96, 13.33, 14.78, 16.38, 17.77, 19.13, 20.31, 22.28, 24.85], "cells": 127}, "geometry": {"type": "Polygon", "coordinates": [[[83.21662317383677, 17.73105551519338], [83.21604486931668, 17.732861354902415], [83.2141254084015, 17.7332331362512], [83.21278428244594, 17.731799098578815], [83.21336258984597, 17.72999327950172], [83.21528202032266, 17.729621477464807], [83.21662317383677, 17.73105551519338]]]}}, {"type": "Feature", "properties": {"h3": "893c93031d3ffff", "population": 0, "elderly_frac": 0.1, "hand_min_m": 0.0, "hand_deciles": [0.0, 0.0, 0.0, 0.0, 0.0, 0.0, 0.0, 0.0, 0.0, 0.0, 0.72], "cells": 127}, "geometry": {"type": "Polygon", "coordinates": [[[83.211627654844, 17.735410662433868], [83.21104933464221, 17.737216407204556], [83.20912991317363, 17.73758809372817], [83.20778884234966, 17.736154056177543], [83.20836716542502, 17.73434833204112], [83.21028655645179, 17.733976624820784], [83.211627654844, 17.735410662433868]]]}}, {"type": "Feature", "properties": {"h3": "893c93031d7ffff", "population": 0, "elderly_frac": 0.1, "hand_min_m": 0.0, "hand_deciles": [0.0, 0.0, 0.0, 0.0, 0.0, 0.0, 0.0, 0.07, 0.21, 0.55, 1.13], "cells": 128}, "geometry": {"type": "Polygon", "coordinates": [[[83.21488824747246, 17.736472960018922], [83.21430993014847, 17.738278725419153], [83.21239045851264, 17.73865043866634], [83.21104933464221, 17.737216407204556], [83.211627654844, 17.735410662433868], [83.21354709603943, 17.735038928495154], [83.21488824747246, 17.736472960018922]]]}}, {"type": "Feature", "properties": {"h3": "893c93031dbffff", "population": 0, "elderly_frac": 0.1, "hand_min_m": 0.0, "hand_deciles": [0.0, 0.64, 1.3, 1.81, 2.65, 3.18, 4.03, 4.67, 5.47, 6.4, 7.64], "cells": 127}, "geometry": {"type": "Polygon", "coordinates": [[[83.21086487169063, 17.732170853209958], [83.21028655645179, 17.733976624820784], [83.20836716542502, 17.73434833204112], [83.20702612007966, 17.732914288347914], [83.20760443819103, 17.73110853737489], [83.20952379877627, 17.730736809456978], [83.21086487169063, 17.732170853209958]]]}}, {"type": "Feature", "properties": {"h3": "893c9303223ffff", "population": 0, "elderly_frac": 0.1, "hand_min_m": 8.44, "hand_deciles": [8.44, 9.24, 9.94, 10.3, 10.81, 11.16, 11.63, 12.03, 12.52, 13.03, 15.07], "cells": 126}, "geometry": {"type": "Polygon", "coordinates": [[[83.20400074640668, 17.703011089200064], [83.20342247584094, 17.704817101897923], [83.20150335877861, 17.70518899542744], [83.20016254272224, 17.703754896964142], [83.20074081615113, 17.701948904936003], [83.20265990277427, 17.701576990701177], [83.20400074640668, 17.703011089200064]]]}}, {"type": "Feature", "properties": {"h3": "893c9303227ffff", "population": 0, "elderly_frac": 0.1, "hand_min_m": 4.12, "hand_deciles": [4.12, 5.43, 6.06, 6.37, 6.98, 7.38, 7.8, 8.46, 10.83, 12.08, 14.25], "cells": 126}, "geometry": {"type": "Polygon", "coordinates": [[[83.20726077988951, 17.7040732407953], [83.20668251219115, 17.70587927415818], [83.20476334494747, 17.70625119435954], [83.20342247584094, 17.704817101897923], [83.20400074640668, 17.703011089200064], [83.20591988321257, 17.70263914829854], [83.20726077988951, 17.7040732407953]]]}}, {"type": "Feature", "properties": {"h3": "893c930322bffff", "population": 0, "elderly_frac": 0.1, "hand_min_m": 4.54, "hand_deciles": [4.54, 5.61, 6.16, 6.67, 7.18, 7.78, 8.25, 8.65, 11.49, 13.0, 14.78], "cells": 115}, "geometry": {"type": "Polygon", "coordinates": [[[83.20323816837559, 17.699770951268587], [83.20265990277427, 17.701576990701177], [83.20074081615113, 17.701948904936003], [83.19940002556923, 17.700514800444154], [83.19997829403268, 17.69870878168484], [83.20189735021691, 17.698336846743835], [83.20323816837559, 17.699770951268587]]]}}, {"type": "Feature", "properties": {"h3": "893c930322fffff", "population": 0, "elderly_frac": 0.1, "hand_min_m": 1.21, "hand_deciles": [1.21, 1.67, 2.29, 2.55, 2.95, 3.46, 3.93, 4.34, 5.17, 8.93, 10.74], "cells": 127}, "geometry": {"type": "Polygon", "coordinates": [[[83.20649814594758, 17.700833088197395], [83.20591988321257, 17.70263914829854], [83.20400074640668, 17.703011089200064], [83.20265990277427, 17.701576990701177], [83.20323816837559, 17.699770951268587], [83.20515727474401, 17.699398989666058], [83.20649814594758, 17.700833088197395]]]}}, {"type": "Feature", "properties": {"h3": "893c9303233ffff", "population": 0, "elderly_frac": 0.1, "hand_min_m": 12.23, "hand_deciles": [12.23, 13.56, 14.16, 15.33, 15.86, 16.1, 16.22, 16.3, 16.73, 17.02, 17.35], "cells": 42}, "geometry": {"type": "Polygon", "coordinates": [[[83.20150335877861, 17.70518899542744], [83.2009250803844, 17.706994960713843], [83.19900598307278, 17.707366806866315], [83.19766519459726, 17.705932708441733], [83.19824347585147, 17.70412676382623], [83.20016254272224, 17.703754896964142], [83.20150335877861, 17.70518899542744]]]}}, {"type": "Feature", "properties": {"h3": "893c9303237ffff", "population": 0, "elderly_frac": 0.1, "hand_min_m": 8.4, "hand_deciles": [8.4, 9.89, 10.67, 11.35, 12.17, 12.78, 13.28, 13.78, 14.38, 14.74, 15.85], "cells": 125}, "geometry": {"type": "Polygon", "coordinates": [[[83.20476334494747, 17.70625119435954], [83.20418506941746, 17.70805718031214], [83.20226592191568, 17.708429053137202], [83.2009250803844, 17.706994960713843], [83.20150335877861, 17.70518899542744], [83.20342247584094, 17.704817101897923], [83.20476334494747, 17.70625119435954]]]}}, {"type": "Feature", "properties": {"h3": "893c930323bffff", "population": 0, "elderly_frac": 0.1, "hand_min_m": 13.17, "hand_deciles": [13.17, 13.82, 14.0, 14.06, 14.13, 14.21, 14.36, 14.57, 14.67, 14.99, 15.34], "cells": 15}, "geometry": {"type": "Polygon", "coordinates": [[[83.20074081615113, 17.701948904936003], [83.20016254272224, 17.703754896964142], [83.19824347585147, 17.70412676382623], [83.19690271285123, 17.70269265937042], [83.19748098913907, 17.700886688016723], [83.19940002556923, 17.700514800444154], [83.20074081615113, 17.701948904936003]]]}}, {"type": "Feature", "properties": {"h3": "893c9303267ffff", "population": 0, "elderly_frac": 0.1, "hand_min_m": 3.88, "hand_deciles": [3.88, 5.35, 5.61, 5.87, 6.27, 6.77, 7.07, 7.28, 7.75, 8.08, 8.51], "cells": 83}, "geometry": {"type": "Polygon", "coordinates": [[[83.20247561085367, 17.696530780587082], [83.20189735021691, 17.698336846743835], [83.19997829403268, 17.69870878168484], [83.1986375289249, 17.697274671175848], [83.19921579242273, 17.695468625695923], [83.20113481816831, 17.695096670047885], [83.20247561085367, 17.696530780587082]]]}}, {"type": "Feature", "properties": {"h3": "893c930326fffff", "population": 0, "elderly_frac": 0.1, "hand_min_m": 3.03, "hand_deciles": [3.03, 3.3, 3.54, 4.19, 4.38, 4.89, 5.23, 5.57, 5.72, 6.1, 6.95], "cells": 54}, "geometry": {"type": "Polygon", "coordinates": [[[83.20171307384038, 17.6932905771775], [83.20113481816831, 17.695096670047885], [83.19921579242273, 17.695468625695923], [83.19787505278865, 17.69403450918118], [83.19845331132072, 17.69222843699117], [83.20037230662793, 17.691856460635258], [83.20171307384038, 17.6932905771775]]]}}, {"type": "Feature", "properties": {"h3": "893c93032a7ffff", "population": 0, "elderly_frac": 0.1, "hand_min_m": 1.86, "hand_deciles": [1.86, 3.22, 3.97, 4.59, 5.25, 5.49, 5.83, 6.07, 6.5, 7.05, 7.76], "cells": 109}, "geometry": {"type": "Polygon", "coordinates": [[[83.20302850556294, 17.711669078043325], [83.20245021723856, 17.713474989814657], [83.20053105904445, 17.713846794550438], [83.19919021961715, 17.712412708222548], [83.1997685108036, 17.71060681711503], [83.20168763855634, 17.71023499167134], [83.20302850556294, 17.711669078043325]]]}}, {"type": "Feature", "properties": {"h3": "893c93032afffff", "population": 0, "elderly_frac": 0.1, "hand_min_m": 5.81, "hand_deciles": [5.81, 6.97, 7.54, 8.05, 8.28, 9.01, 9.32, 9.87, 10.21, 10.99, 16.16], "cells": 75}, "geometry": {"type": "Polygon", "coordinates": [[[83.20226592191568, 17.708429053137202], [83.20168763855634, 17.71023499167134], [83.1997685108036, 17.71060681711503], [83.19842769685239, 17.709172724733097], [83.19900598307278, 17.707366806866315], [83.2009250803844, 17.706994960713843], [83.20226592191568, 17.708429053137202]]]}}, {"type": "Feature", "properties": {"h3": "893c93032b7ffff", "population": 0, "elderly_frac": 0.1, "hand_min_m": 6.65, "hand_deciles": [6.65, 6.99, 7.23, 7.4, 7.56, 7.71, 8.04, 8.81, 9.05, 9.47, 10.27], "cells": 8}, "geometry": {"type": "Polygon", "coordinates": [[[83.20053105904445, 17.713846794550438], [83.1999527628921, 17.715652658888146], [83.19803362445248, 17.71602441623323], [83.19669281260933, 17.714590329952593], [83.1972711116206, 17.712784486279862], [83.19919021961715, 17.712412708222548], [83.20053105904445, 17.713846794550438]]]}}, {"type": "Feature", "properties": {"h3": "893c9303303ffff", "population": 0, "elderly_frac": 0.1, "hand_min_m": 0.0, "hand_deciles": [0.0, 1.14, 2.07, 3.06, 3.89, 5.18, 6.49, 7.75, 9.07, 10.56, 13.78], "cells": 127}, "geometry": {"type": "Polygon", "coordinates": [[[83.21780432171595, 17.710499663124736], [83.21722605768494, 17.712305731694872], [83.21530670952465, 17.712677711254763], [83.21396565583021, 17.711243642928], [83.2145439227423, 17.709437595005156], [83.2164632404688, 17.709065594761512], [83.21780432171595, 17.710499663124736]]]}}, {"type": "Feature", "properties": {"h3": "893c9303307ffff", "population": 0, "elderly_frac": 0.1, "hand_min_m": 5.31, "hand_deciles": [5.31, 7.9, 9.2, 11.16, 13.03, 14.78, 16.09, 17.67, 19.17, 21.41, 28.14], "cells": 126}, "geometry": {"type": "Polygon", "coordinates": [[[83.22106482385027, 17.711561698507133], [83.22048656270455, 17.71336778771986], [83.21856716440517, 17.71373979397457], [83.21722605768494, 17.712305731694872], [83.21780432171595, 17.710499663124736], [83.21972368958296, 17.710127636191412], [83.22106482385027, 17.711561698507133]]]}}, {"type": "Feature", "properties": {"h3": "893c930330bffff", "population": 0, "elderly_frac": 0.1, "hand_min_m": 0.0, "hand_deciles": [0.0, 0.0, 0.0, 0.51, 0.7, 1.0, 1.35, 1.98, 2.57, 3.54, 8.0], "cells": 127}, "geometry": {"type": "Polygon", "coordinates": [[[83.2170414995397, 17.707259499431895], [83.2164632404688, 17.709065594761512], [83.2145439227423, 17.709437595005156], [83.21320289452129, 17.70800352060357], [83.21378115647224, 17.70619744592484], [83.21570044376521, 17.705825424996537], [83.2170414995397, 17.707259499431895]]]}}, {"type": "Feature", "properties": {"h3": "893c930330fffff", "population": 0, "elderly_frac": 0.1, "hand_min_m": 0.0, "hand_deciles": [0.0, 0.0, 0.56, 1.05, 1.8, 2.3, 2.93, 3.64, 4.26, 4.87, 6.94], "cells": 128}, "geometry": {"type": "Polygon", "coordinates": [[[83.22030194576965, 17.708321520215673], [83.21972368958296, 17.710127636191412], [83.21780432171595, 17.710499663124736], [83.2164632404688, 17.709065594761512], [83.2170414995397, 17.707259499431895], [83.21896083697459, 17.706887451819117], [83.22030194576965, 17.708321520215673]]]}}, {"type": "Feature", "properties": {"h3": "893c9303313ffff", "population": 0, "elderly_frac": 0.1, "hand_min_m": 3.83, "hand_deciles": [3.83, 6.01, 7.46, 8.48, 9.6, 10.36, 11.39, 12.27, 13.06, 14.33, 16.13], "cells": 126}, "geometry": {"type": "Polygon", "coordinates": [[[83.21530670952465, 17.712677711254763], [83.21472843765156, 17.714483732411136], [83.21280910920511, 17.714855664592548], [83.21146808306824, 17.713421596305395], [83.21204635781922, 17.7116155957975], [83.21396565583021, 17.711243642928], [83.21530670952465, 17.712677711254763]]]}}, {"type": "Feature", "properties": {"h3": "893c9303317ffff", "population": 0, "elderly_frac": 0.1, "hand_min_m": 11.33, "hand_deciles": [11.33, 13.98, 15.62, 16.86, 18.28, 19.2, 20.33, 21.59, 22.57, 24.23, 29.53], "cells": 127}, "geometry": {"type": "Polygon", "coordinates": [[[83.21856716440517, 17.71373979397457], [83.2179888954142, 17.715545835774716], [83.21606951681984, 17.715917794651673], [83.21472843765156, 17.714483732411136], [83.21530670952465, 17.712677711254763], [83.21722605768494, 17.712305731694872], [83.21856716440517, 17.71373979397457]]]}}, {"type": "Feature", "properties": {"h3": "893c930331bffff", "population": 0, "elderly_frac": 0.1, "hand_min_m": 0.0, "hand_deciles": [0.0, 0.0, 0.17, 0.53, 0.83, 0.99, 1.19, 1.46, 1.99, 3.07, 4.85], "cells": 127}, "geometry": {"type": "Polygon", "coordinates": [[[83.2145439227423, 17.709437595005156], [83.21396565583021, 17.711243642928], [83.21204635781922, 17.7116155957975], [83.21070535715656, 17.710181521432833], [83.21128362694552, 17.708375494162027], [83.21320289452129, 17.70800352060357], [83.2145439227423, 17.709437595005156]]]}}, {"type": "Feature", "properties": {"h3": "893c9303323ffff", "population": 0, "elderly_frac": 0.1, "hand_min_m": 0.0, "hand_deciles": [0.0, 3.36, 5.17, 6.67, 7.82, 9.57, 11.37, 13.71, 15.52, 17.81, 22.1], "cells": 126}, "geometry": {"type": "Polygon", "coordinates": [[[83.22682314765194, 17.710445463558916], [83.2262448972464, 17.712251620812747], [83.22432542912905, 17.712623701138728], [83.22298424184757, 17.711189644879703], [83.22356249514579, 17.70938350826256], [83.22548193283384, 17.709011407267464], [83.22682314765194, 17.710445463558916]]]}}, {"type": "Feature", "properties": {"h3": "893c9303327ffff", "population": 0, "elderly_frac": 0.1, "hand_min_m": 1.98, "hand_deciles": [1.98, 4.69, 5.87, 7.47, 8.92, 10.28, 11.88, 13.48, 15.0, 16.93, 20.78], "cells": 126}, "geometry": {"type": "Polygon", "coordinates": [[[83.23008390327186, 17.71150738609113], [83.22950565576323, 17.713313563976953], [83.22758613753604, 17.71368567100592], [83.2262448972464, 17.712251620812747], [83.22682314765194, 17.710445463558916], [83.22874263545125, 17.71007333586599], [83.23008390327186, 17.71150738609113]]]}}, {"type": "Feature", "properties": {"h3": "893c930332bffff", "population": 0, "elderly_frac": 0.1, "hand_min_m": 0.0, "hand_deciles": [0.0, 0.76, 1.44, 2.09, 3.17, 4.13, 5.28, 6.54, 8.18, 10.22, 15.03], "cells": 125}, "geometry": {"type": "Polygon", "coordinates": [[[83.22606017828227, 17.707205223254064], [83.22548193283384, 17.709011407267464], [83.22356249514579, 17.70938350826256], [83.22222133333622, 17.70794944591397], [83.22279958167628, 17.70614328254081], [83.22471898893531, 17.705771160875745], [83.22606017828227, 17.707205223254064]]]}}, {"type": "Feature", "properties": {"h3": "893c930332fffff", "population": 0, "elderly_frac": 0.1, "hand_min_m": 0.0, "hand_deciles": [0.0, 0.0, 1.19, 2.01, 2.64, 3.38, 3.96, 4.54, 5.48, 6.67, 9.99], "cells": 124}, "geometry": {"type": "Polygon", "coordinates": [[[83.22932087800383, 17.70826713121708], [83.22874263545125, 17.71007333586599], [83.22682314765194, 17.710445463558916], [83.22548193283384, 17.709011407267464], [83.22606017828227, 17.707205223254064], [83.22797963565398, 17.706833074896345], [83.22932087800383, 17.70826713121708]]]}}, {"type": "Feature", "properties": {"h3": "893c9303333ffff", "population": 0, "elderly_frac": 0.1, "hand_min_m": 11.9, "hand_deciles": [11.9, 16.49, 19.61, 21.65, 22.93, 24.7, 26.3, 27.74, 29.74, 33.01, 37.03], "cells": 128}, "geometry": {"type": "Polygon", "coordinates": [[[83.22432542912905, 17.712623701138728], [83.22374717087283, 17.714429810989333], [83.22182772244457, 17.71480184394332], [83.22048656270455, 17.71336778771986], [83.22106482385027, 17.711561698507133], [83.22298424184757, 17.711189644879703], [83.22432542912905, 17.712623701138728]]]}}, {"type": "Feature", "properties": {"h3": "893c9303337ffff", "population": 0, "elderly_frac": 0.1, "hand_min_m": 17.37, "hand_deciles": [17.37, 20.46, 22.63, 24.26, 26.34, 28.22, 30.31, 31.53, 33.13, 35.59, 40.77], "cells": 127}, "geometry": {"type": "Polygon", "coordinates": [[[83.22758613753604, 17.71368567100592], [83.22700788217352, 17.71549180148967], [83.22508838362663, 17.71586386114738], [83.22374717087283, 17.714429810989333], [83.22432542912905, 17.712623701138728], [83.2262448972464, 17.712251620812747], [83.22758613753604, 17.71368567100592]]]}}, {"type": "Feature", "properties": {"h3": "893c930333bffff", "population": 0, "elderly_frac": 0.1, "hand_min_m": 0.0, "hand_deciles": [0.0, 0.34, 1.1, 1.79, 2.96, 4.14, 5.8, 7.28, 9.26, 11.57, 15.47], "cells": 127}, "geometry": {"type": "Polygon", "coordinates": [[[83.22356249514579, 17.70938350826256], [83.22298424184757, 17.711189644879703], [83.22106482385027, 17.711561698507133], [83.21972368958296, 17.710127636191412], [83.22030194576965, 17.708321520215673], [83.22222133333622, 17.70794944591397], [83.22356249514579, 17.70938350826256]]]}}, {"type": "Feature", "properties": {"h3": "893c9303343ffff", "population": 0, "elderly_frac": 0.1, "hand_min_m": 0.0, "hand_deciles": [0.0, 0.21, 0.8, 1.37, 2.13, 3.17, 3.81, 5.33, 10.31, 11.55, 13.19], "cells": 126}, "geometry": {"type": "Polygon", "coordinates": [[[83.21301841071391, 17.70295726403573], [83.21244015372426, 17.704763365459833], [83.21052091658343, 17.705135359708095], [83.20917996686799, 17.70370127322263], [83.20975822673242, 17.701895192457645], [83.21167743343857, 17.70152317751873], [83.21301841071391, 17.70295726403573]]]}}, {"type": "Feature", "properties": {"h3": "893c9303347ffff", "population": 0, "elderly_frac": 0.1, "hand_min_m": 0.0, "hand_deciles": [0.0, 0.91, 1.85, 2.61, 4.1, 5.05, 5.7, 6.48, 7.21, 7.8, 15.61], "cells": 127}, "geometry": {"type": "Polygon", "coordinates": [[[83.2162786978759, 17.704019302918034], [83.21570044376521, 17.705825424996537], [83.21378115647224, 17.70619744592484], [83.21244015372426, 17.704763365459833], [83.21301841071391, 17.70295726403573], [83.21493766757361, 17.70258522242194], [83.2162786978759, 17.704019302918034]]]}}, {"type": "Feature", "properties": {"h3": "893c930334bffff", "population": 0, "elderly_frac": 0.1, "hand_min_m": 0.0, "hand_deciles": [0.0, 0.5, 1.06, 1.57, 2.04, 2.91, 3.98, 4.88, 5.48, 6.83, 9.03], "cells": 128}, "geometry": {"type": "Polygon", "coordinates": [[[83.2122556854668, 17.69971704935981], [83.21167743343857, 17.70152317751873], [83.20975822673242, 17.701895192457645], [83.20841730248995, 17.70046109992889], [83.20899555739192, 17.69865499243264], [83.21091473366363, 17.698282956802192], [83.2122556854668, 17.69971704935981]]]}}, {"type": "Feature", "properties": {"h3": "893c930334fffff", "population": 0, "elderly_frac": 0.1, "hand_min_m": 3.43, "hand_deciles": [3.43, 6.25, 7.83, 8.63, 9.42, 10.22, 11.65, 13.03, 14.01, 16.01, 20.26], "cells": 127}, "geometry": {"type": "Polygon", "coordinates": [[[83.21551591672392, 17.70077907360508], [83.21493766757361, 17.70258522242194], [83.21301841071391, 17.70295726403573], [83.21167743343857, 17.70152317751873], [83.2122556854668, 17.69971704935981], [83.21417491189348, 17.69934498705967], [83.21551591672392, 17.70077907360508]]]}}, {"type": "Feature", "properties": {"h3": "893c9303353ffff", "population": 0, "elderly_frac": 0.1, "hand_min_m": 0.0, "hand_deciles": [0.0, 1.25, 1.9, 2.71, 3.2, 3.73, 4.11, 4.66, 5.47, 7.79, 10.61], "cells": 127}, "geometry": {"type": "Polygon", "coordinates": [[[83.21052091658343, 17.705135359708095], [83.20994265175668, 17.70694141373127], [83.20802343434184, 17.707313360608953], [83.20668251219115, 17.70587927415818], [83.20726077988951, 17.7040732407953], [83.20917996686799, 17.70370127322263], [83.21052091658343, 17.705135359708095]]]}}, {"type": "Feature", "properties": {"h3": "893c9303357ffff", "population": 0, "elderly_frac": 0.1, "hand_min_m": 0.0, "hand_deciles": [0.0, 0.0, 0.66, 1.5, 1.88, 2.64, 3.4, 4.27, 5.56, 7.01, 9.02], "cells": 128}, "geometry": {"type": "Polygon", "coordinates": [[[83.21378115647224, 17.70619744592484], [83.21320289452129, 17.70800352060357], [83.21128362694552, 17.708375494162027], [83.20994265175668, 17.70694141373127], [83.21052091658343, 17.705135359708095], [83.21244015372426, 17.704763365459833], [83.21378115647224, 17.70619744592484]]]}}, {"type": "Feature", "properties": {"h3": "893c930335bffff", "population": 0, "elderly_frac": 0.1, "hand_min_m": 0.0, "hand_deciles": [0.0, 0.0, 0.43, 0.64, 0.91, 0.98, 1.17, 1.49, 4.23, 6.14, 7.27], "cells": 127}, "geometry": {"type": "Polygon", "coordinates": [[[83.20975822673242, 17.701895192457645], [83.20917996686799, 17.70370127322263], [83.20726077988951, 17.7040732407953], [83.20591988321257, 17.70263914829854], [83.20649814594758, 17.700833088197395], [83.20841730248995, 17.70046109992889], [83.20975822673242, 17.701895192457645]]]}}, {"type": "Feature", "properties": {"h3": "893c9303363ffff", "population": 0, "elderly_frac": 0.1, "hand_min_m": 11.73, "hand_deciles": [11.73, 16.07, 17.93, 19.12, 20.54, 21.8, 23.03, 24.14, 25.33, 26.82, 29.1], "cells": 126}, "geometry": {"type": "Polygon", "coordinates": [[[83.22203668871997, 17.70290302399546], [83.2214584453382, 17.70470921411407], [83.21953908820207, 17.70508130909094], [83.21819800487891, 17.703647234624935], [83.21877625114703, 17.701841065154834], [83.220695577853, 17.701468949501965], [83.22203668871997, 17.70290302399546]]]}}, {"type": "Feature", "properties": {"h3": "893c9303367ffff", "population": 0, "elderly_frac": 0.1, "hand_min_m": 6.59, "hand_deciles": [6.59, 9.33, 11.71, 14.04, 16.08, 17.05, 18.95, 22.74, 25.6, 28.48, 32.25], "cells": 125}, "geometry": {"type": "Polygon", "coordinates": [[[83.22529722942647, 17.70396495011336], [83.22471898893531, 17.705771160875745], [83.22279958167628, 17.70614328254081], [83.2214584453382, 17.70470921411407], [83.22203668871997, 17.70290302399546], [83.22395606555024, 17.702530881659552], [83.22529722942647, 17.70396495011336]]]}}, {"type": "Feature", "properties": {"h3": "893c930336bffff", "population": 0, "elderly_frac": 0.1, "hand_min_m": 24.76, "hand_deciles": [24.76, 28.61, 29.68, 31.25, 32.75, 35.05, 37.1, 40.32, 44.19, 50.1, 55.71], "cells": 124}, "geometry": {"type": "Polygon", "coordinates": [[[83.2212738162763, 17.699662732648456], [83.220695577853, 17.701468949501965], [83.21877625114703, 17.701841065154834], [83.21743519329533, 17.70040698463079], [83.21801343460398, 17.69860078842934], [83.21993273088, 17.6982286520996], [83.2212738162763, 17.699662732648456]]]}}, {"type": "Feature", "properties": {"h3": "893c930336fffff", "population": 0, "elderly_frac": 0.1, "hand_min_m": 19.19, "hand_deciles": [19.19, 21.89, 24.98, 27.09, 29.04, 30.66, 32.03, 33.67, 36.12, 39.39, 47.72], "cells": 123}, "geometry": {"type": "Polygon", "coordinates": [[[83.22453430108398, 17.700724644158715], [83.22395606555024, 17.702530881659552], [83.22203668871997, 17.70290302399546], [83.220695577853, 17.701468949501965], [83.2212738162763, 17.699662732648456], [83.22319316267806, 17.69929056964086], [83.22453430108398, 17.700724644158715]]]}}, {"type": "Feature", "properties": {"h3": "893c9303373ffff", "population": 0, "elderly_frac": 0.1, "hand_min_m": 0.0, "hand_deciles": [0.0, 4.93, 6.45, 7.53, 8.69, 9.84, 10.93, 11.89, 12.96, 14.06, 15.74], "cells": 127}, "geometry": {"type": "Polygon", "coordinates": [[[83.21953908820207, 17.70508130909094], [83.21896083697459, 17.706887451819117], [83.2170414995397, 17.707259499431895], [83.21570044376521, 17.705825424996537], [83.2162786978759, 17.704019302918034], [83.21819800487891, 17.703647234624935], [83.21953908820207, 17.70508130909094]]]}}, {"type": "Feature", "properties": {"h3": "893c9303377ffff", "population": 0, "elderly_frac": 0.1, "hand_min_m": 0.0, "hand_deciles": [0.0, 2.19, 3.86, 5.81, 7.09, 9.21, 11.27, 13.31, 14.79, 16.32, 20.41], "cells": 128}, "geometry": {"type": "Polygon", "coordinates": [[[83.22279958167628, 17.70614328254081], [83.22222133333622, 17.70794944591397], [83.22030194576965, 17.708321520215673], [83.21896083697459, 17.706887451819117], [83.21953908820207, 17.70508130909094], [83.2214584453382, 17.70470921411407], [83.22279958167628, 17.70614328254081]]]}}, {"type": "Feature", "properties": {"h3": "893c930337bffff", "population": 0, "elderly_frac": 0.1, "hand_min_m": 2.28, "hand_deciles": [2.28, 5.79, 8.29, 10.29, 16.0, 17.37, 18.99, 20.58, 22.03, 23.78, 26.66], "cells": 126}, "geometry": {"type": "Polygon", "coordinates": [[[83.21877625114703, 17.701841065154834], [83.21819800487891, 17.703647234624935], [83.2162786978759, 17.704019302918034], [83.21493766757361, 17.70258522242194], [83.21551591672392, 17.70077907360508], [83.21743519329533, 17.70040698463079], [83.21877625114703, 17.701841065154834]]]}}, {"type": "Feature", "properties": {"h3": "893c9303383ffff", "population": 0, "elderly_frac": 0.1, "hand_min_m": 2.61, "hand_deciles": [2.61, 4.36, 5.77, 6.97, 8.29, 9.59, 11.11, 12.42, 14.24, 16.09, 19.48], "cells": 126}, "geometry": {"type": "Polygon", "coordinates": [[[83.21357188110373, 17.718095700525232], [83.21299359642911, 17.719901647475684], [83.21107425726623, 17.720273511582047], [83.2097332332164, 17.71883944942924], [83.21031152076675, 17.7170335231249], [83.21223082949224, 17.716661638327], [83.21357188110373, 17.718095700525232]]]}}, {"type": "Feature", "properties": {"h3": "893c9303387ffff", "population": 0, "elderly_frac": 0.1, "hand_min_m": 11.7, "hand_deciles": [11.7, 14.41, 16.5, 18.49, 20.34, 23.59, 26.46, 28.14, 30.19, 32.04, 36.12], "cells": 125}, "geometry": {"type": "Polygon", "coordinates": [[[83.21683234462846, 17.719157845173964], [83.21625406283384, 17.72096381276581], [83.21433467351565, 17.7213357035736], [83.21299359642911, 17.719901647475684], [83.21357188110373, 17.718095700525232], [83.21549123998591, 17.717723789031055], [83.21683234462846, 17.719157845173964]]]}}, {"type": "Feature", "properties": {"h3": "893c930338bffff", "population": 0, "elderly_frac": 0.1, "hand_min_m": 1.83, "hand_deciles": [1.83, 6.66, 7.63, 8.58, 9.8, 10.38, 10.94, 11.74, 12.57, 13.6, 15.35], "cells": 125}, "geometry": {"type": "Polygon", "coordinates": [[[83.21280910920511, 17.714855664592548], [83.21223082949224, 17.716661638327], [83.21031152076675, 17.7170335231249], [83.20897052219232, 17.715599454880497], [83.20954880477991, 17.713793501795703], [83.21146808306824, 17.713421596305395], [83.21280910920511, 17.714855664592548]]]}}, {"type": "Feature", "properties": {"h3": "893c930338fffff", "population": 0, "elderly_frac": 0.1, "hand_min_m": 13.91, "hand_deciles": [13.91, 15.75, 16.62, 17.77, 18.34, 19.44, 20.46, 21.55, 22.86, 23.99, 26.37], "cells": 127}, "geometry": {"type": "Polygon", "coordinates": [[[83.21606951681984, 17.715917794651673], [83.21549123998591, 17.717723789031055], [83.21357188110373, 17.718095700525232], [83.21223082949224, 17.716661638327], [83.21280910920511, 17.714855664592548], [83.21472843765156, 17.714483732411136], [83.21606951681984, 17.715917794651673]]]}}, {"type": "Feature", "properties": {"h3": "893c9303393ffff", "population": 0, "elderly_frac": 0.1, "hand_min_m": 0.59, "hand_deciles": [0.59, 1.19, 1.64, 2.22, 2.72, 3.29, 3.91, 4.48, 5.33, 6.63, 9.25], "cells": 126}, "geometry": {"type": "Polygon", "coordinates": [[[83.21107425726623, 17.720273511582047], [83.21049596475324, 17.72207941109539], [83.20857664531675, 17.722451227808904], [83.20723564883339, 17.72101716570467], [83.20781394421898, 17.719211286838622], [83.2097332332164, 17.71883944942924], [83.21107425726623, 17.720273511582047]]]}}, {"type": "Feature", "properties": {"h3": "893c9303397ffff", "population": 0, "elderly_frac": 0.1, "hand_min_m": 6.47, "hand_deciles": [6.47, 8.93, 9.82, 10.89, 11.88, 13.0, 14.11, 14.9, 16.28, 17.78, 20.3], "cells": 125}, "geometry": {"type": "Polygon", "coordinates": [[[83.21433467351565, 17.7213357035736], [83.21375638387946, 17.723141623729507], [83.21183701427887, 17.723513467145196], [83.21049596475324, 17.72207941109539], [83.21107425726623, 17.720273511582047], [83.21299359642911, 17.719901647475684], [83.21433467351565, 17.7213357035736]]]}}, {"type": "Feature", "properties": {"h3": "893c930339bffff", "population": 0, "elderly_frac": 0.1, "hand_min_m": 0.0, "hand_deciles": [0.0, 0.59, 1.06, 1.56, 1.71, 1.94, 2.15, 2.4, 2.85, 3.05, 4.83], "cells": 125}, "geometry": {"type": "Polygon", "coordinates": [[[83.21031152076675, 17.7170335231249], [83.2097332332164, 17.71883944942924], [83.20781394421898, 17.719211286838622], [83.20647297321183, 17.717777218640094], [83.20705126363374, 17.715971312986575], [83.20897052219232, 17.715599454880497], [83.21031152076675, 17.7170335231249]]]}}, {"type": "Feature", "properties": {"h3": "893c93033a3ffff", "population": 0, "elderly_frac": 0.1, "hand_min_m": 39.66, "hand_deciles": [39.66, 45.42, 51.11, 53.34, 54.94, 56.63, 58.48, 60.83, 62.85, 64.86, 67.82], "cells": 128}, "geometry": {"type": "Polygon", "coordinates": [[[83.22259064155304, 17.718041956502297], [83.22201237048965, 17.719847992157398], [83.22009291132473, 17.720219957057466], [83.21875175365713, 17.718785906979065], [83.2193300276079, 17.716979891959465], [83.22124945633992, 17.716607906382503], [83.22259064155304, 17.718041956502297]]]}}, {"type": "Feature", "properties": {"h3": "893c93033a7ffff", "population": 0, "elderly_frac": 0.1, "hand_min_m": 26.65, "hand_deciles": [26.65, 30.34, 33.38, 36.31, 37.96, 39.86, 41.19, 42.96, 47.07, 53.01, 59.43], "cells": 127}, "geometry": {"type": "Polygon", "coordinates": [[[83.22585135863908, 17.71910398826656], [83.22527309046728, 17.720910044552422], [83.2233535811763, 17.72128203616212], [83.22201237048965, 17.719847992157398], [83.22259064155304, 17.718041956502297], [83.22451012041253, 17.717669944220884], [83.22585135863908, 17.71910398826656]]]}}, {"type": "Feature", "properties": {"h3": "893c93033abffff", "population": 0, "elderly_frac": 0.1, "hand_min_m": 21.68, "hand_deciles": [21.68, 26.78, 29.39, 30.46, 32.7, 34.6, 36.69, 38.65, 41.04, 43.92, 49.42], "cells": 128}, "geometry": {"type": "Polygon", "coordinates": [[[83.22182772244457, 17.71480184394332], [83.22124945633992, 17.716607906382503], [83.2193300276079, 17.716979891959465], [83.2179888954142, 17.715545835774716], [83.21856716440517, 17.71373979397457], [83.22048656270455, 17.71336778771986], [83.22182772244457, 17.71480184394332]]]}}, {"type": "Feature", "properties": {"h3": "893c93033afffff", "population": 0, "elderly_frac": 0.1, "hand_min_m": 24.99, "hand_deciles": [24.99, 37.58, 40.27, 42.15, 43.78, 45.2, 46.92, 48.81, 50.4, 52.67, 58.33], "cells": 127}, "geometry": {"type": "Polygon", "coordinates": [[[83.22508838362663, 17.71586386114738], [83.22451012041253, 17.717669944220884], [83.22259064155304, 17.718041956502297], [83.22124945633992, 17.716607906382503], [83.22182772244457, 17.71480184394332], [83.22374717087283, 17.714429810989333], [83.22508838362663, 17.71586386114738]]]}}, {"type": "Feature", "properties": {"h3": "893c93033b3ffff", "population": 0, "elderly_frac": 0.1, "hand_min_m": 25.36, "hand_deciles": [25.36, 35.31, 37.27, 39.15, 42.69, 43.77, 45.9, 49.47, 67.24, 69.58, 71.89], "cells": 127}, "geometry": {"type": "Polygon", "coordinates": [[[83.22009291132473, 17.720219957057466], [83.21951463241429, 17.72202594528597], [83.21759519295104, 17.722397862799674], [83.21625406283384, 17.72096381276581], [83.21683234462846, 17.719157845173964], [83.21875175365713, 17.718785906979065], [83.22009291132473, 17.720219957057466]]]}}, {"type": "Feature", "properties": {"h3": "893c93033b7ffff", "population": 0, "elderly_frac": 0.1, "hand_min_m": 45.24, "hand_deciles": [45.24, 48.98, 51.51, 53.94, 55.17, 56.48, 58.37, 59.97, 62.04, 65.1, 68.53], "cells": 126}, "geometry": {"type": "Polygon", "coordinates": [[[83.2233535811763, 17.72128203616212], [83.22277530515429, 17.723088045022575], [83.22085581555618, 17.72345998924662], [83.21951463241429, 17.72202594528597], [83.22009291132473, 17.720219957057466], [83.22201237048965, 17.719847992157398], [83.2233535811763, 17.72128203616212]]]}}, {"type": "Feature", "properties": {"h3": "893c93033bbffff", "population": 0, "elderly_frac": 0.1, "hand_min_m": 23.59, "hand_deciles": [23.59, 26.19, 27.71, 29.2, 30.85, 32.33, 34.2, 36.53, 38.64, 40.28, 44.42], "cells": 128}, "geometry": {"type": "Polygon", "coordinates": [[[83.2193300276079, 17.716979891959465], [83.21875175365713, 17.718785906979065], [83.21683234462846, 17.719157845173964], [83.21549123998591, 17.717723789031055], [83.21606951681984, 17.715917794651673], [83.2179888954142, 17.715545835774716], [83.2193300276079, 17.716979891959465]]]}}, {"type": "Feature", "properties": {"h3": "893c93033c3ffff", "population": 0, "elderly_frac": 0.1, "hand_min_m": 0.0, "hand_deciles": [0.0, 0.0, 0.0, 0.48, 0.68, 0.88, 1.11, 1.49, 1.85, 2.44, 4.43], "cells": 126}, "geometry": {"type": "Polygon", "coordinates": [[[83.20878610930511, 17.71055344761641], [83.20820783168045, 17.7123594274711], [83.20628860356044, 17.71273130627476], [83.20494768350441, 17.711297225921868], [83.20552596399854, 17.709491266725095], [83.20744516168024, 17.709119367223007], [83.20878610930511, 17.71055344761641]]]}}, {"type": "Feature", "properties": {"h3": "893c93033c7ffff", "population": 0, "elderly_frac": 0.1, "hand_min_m": 0.0, "hand_deciles": [0.0, 0.0, 1.1, 1.6, 2.21, 2.86, 3.54, 4.49, 5.47, 7.02, 9.62], "cells": 127}, "geometry": {"type": "Polygon", "coordinates": [[[83.21204635781922, 17.7116155957975], [83.21146808306824, 17.713421596305395], [83.20954880477991, 17.713793501795703], [83.20820783168045, 17.7123594274711], [83.20878610930511, 17.71055344761641], [83.21070535715656, 17.710181521432833], [83.21204635781922, 17.7116155957975]]]}}, {"type": "Feature", "properties": {"h3": "893c93033cbffff", "population": 0, "elderly_frac": 0.1, "hand_min_m": 1.48, "hand_deciles": [1.48, 4.0, 5.22, 6.32, 7.09, 7.64, 8.28, 8.92, 9.83, 10.73, 12.34], "cells": 127}, "geometry": {"type": "Polygon", "coordinates": [[[83.20802343434184, 17.707313360608953], [83.20744516168024, 17.709119367223007], [83.20552596399854, 17.709491266725095], [83.20418506941746, 17.70805718031214], [83.20476334494747, 17.70625119435954], [83.20668251219115, 17.70587927415818], [83.20802343434184, 17.707313360608953]]]}}, {"type": "Feature", "properties": {"h3": "893c93033cfffff", "population": 0, "elderly_frac": 0.1, "hand_min_m": 0.0, "hand_deciles": [0.0, 0.0, 0.61, 0.85, 1.19, 1.4, 1.82, 2.66, 3.6, 4.37, 6.67], "cells": 128}, "geometry": {"type": "Polygon", "coordinates": [[[83.21128362694552, 17.708375494162027], [83.21070535715656, 17.710181521432833], [83.20878610930511, 17.71055344761641], [83.20744516168024, 17.709119367223007], [83.20802343434184, 17.707313360608953], [83.20994265175668, 17.70694141373127], [83.21128362694552, 17.708375494162027]]]}}, {"type": "Feature", "properties": {"h3": "893c93033d3ffff", "population": 0, "elderly_frac": 0.1, "hand_min_m": 0.0, "hand_deciles": [0.0, 1.76, 2.34, 2.93, 3.61, 4.0, 4.69, 5.43, 5.87, 6.87, 8.11], "cells": 125}, "geometry": {"type": "Polygon", "coordinates": [[[83.20628860356044, 17.71273130627476], [83.20571031810235, 17.71453723870518], [83.20379110972091, 17.71490907012388], [83.20245021723856, 17.713474989814657], [83.20302850556294, 17.711669078043325], [83.20494768350441, 17.711297225921868], [83.20628860356044, 17.71273130627476]]]}}, {"type": "Feature", "properties": {"h3": "893c93033d7ffff", "population": 0, "elderly_frac": 0.1, "hand_min_m": 0.0, "hand_deciles": [0.0, 0.0, 0.42, 0.92, 1.14, 1.45, 2.2, 2.55, 3.18, 3.9, 5.89], "cells": 124}, "geometry": {"type": "Polygon", "coordinates": [[[83.20954880477991, 17.713793501795703], [83.20897052219232, 17.715599454880497], [83.20705126363374, 17.715971312986575], [83.20571031810235, 17.71453723870518], [83.20628860356044, 17.71273130627476], [83.20820783168045, 17.7123594274711], [83.20954880477991, 17.713793501795703]]]}}, {"type": "Feature", "properties": {"h3": "893c93033dbffff", "population": 0, "elderly_frac": 0.1, "hand_min_m": 0.0, "hand_deciles": [0.0, 1.34, 1.84, 2.55, 3.23, 3.95, 4.5, 5.49, 6.76, 8.31, 10.42], "cells": 126}, "geometry": {"type": "Polygon", "coordinates": [[[83.20552596399854, 17.709491266725095], [83.20494768350441, 17.711297225921868], [83.20302850556294, 17.711669078043325], [83.20168763855634, 17.71023499167134], [83.20226592191568, 17.708429053137202], [83.20418506941746, 17.70805718031214], [83.20552596399854, 17.709491266725095]]]}}, {"type": "Feature", "properties": {"h3": "893c9303503ffff", "population": 0, "elderly_frac": 0.1, "hand_min_m": 1.74, "hand_deciles": [1.74, 2.31, 2.79, 2.99, 3.5, 3.91, 4.28, 4.77, 5.02, 5.64, 7.46], "cells": 127}, "geometry": {"type": "Polygon", "coordinates": [[[83.20565988094013, 17.74842190567442], [83.20508152730208, 17.75022745422253], [83.20316210416237, 17.750598957053995], [83.20182106510906, 17.749164932044987], [83.20239942161324, 17.747359404127568], [83.2043188143056, 17.746987880588193], [83.20565988094013, 17.74842190567442]]]}}, {"type": "Feature", "properties": {"h3": "893c9303507ffff", "population": 0, "elderly_frac": 0.1, "hand_min_m": 0.0, "hand_deciles": [0.0, 0.0, 0.03, 0.44, 0.71, 0.9, 1.04, 1.23, 1.57, 1.84, 2.62], "cells": 128}, "geometry": {"type": "Polygon", "coordinates": [[[83.20892044351626, 17.749484374385023], [83.2083420927486, 17.751289943559097], [83.206422619418, 17.751661473126603], [83.20508152730208, 17.75022745422253], [83.20565988094013, 17.74842190567442], [83.20757932382475, 17.748050355404175], [83.20892044351626, 17.749484374385023]]]}}, {"type": "Feature", "properties": {"h3": "893c930350bffff", "population": 0, "elderly_frac": 0.1, "hand_min_m": 3.56, "hand_deciles": [3.56, 4.49, 4.97, 5.34, 5.79, 6.24, 6.67, 7.18, 8.0, 8.88, 11.78], "cells": 125}, "geometry": {"type": "Polygon", "coordinates": [[[83.20489716297828, 17.745182305157886], [83.2043188143056, 17.746987880588193], [83.20239942161324, 17.747359404127568], [83.20105840804167, 17.74592537294513], [83.20163675957947, 17.744119818149052], [83.20355612182475, 17.74374827390091], [83.20489716297828, 17.745182305157886]]]}}, {"type": "Feature", "properties": {"h3": "893c930350fffff", "population": 0, "elderly_frac": 0.1, "hand_min_m": 0.0, "hand_deciles": [0.0, 0.61, 0.95, 1.28, 1.51, 1.81, 2.12, 2.48, 2.88, 3.44, 4.33], "cells": 126}, "geometry": {"type": "Polygon", "coordinates": [[[83.20815766962811, 17.74624475934435], [83.20757932382475, 17.748050355404175], [83.20565988094013, 17.74842190567442], [83.2043188143056, 17.746987880588193], [83.20489716297828, 17.745182305157886], [83.20681657541722, 17.74481073418403], [83.20815766962811, 17.74624475934435]]]}}, {"type": "Feature", "properties": {"h3": "893c9303513ffff", "population": 0, "elderly_frac": 0.1, "hand_min_m": 2.23, "hand_deciles": [2.23, 3.38, 3.94, 4.22, 4.56, 4.95, 5.29, 5.53, 6.05, 6.45, 7.6], "cells": 112}, "geometry": {"type": "Polygon", "coordinates": [[[83.20316210416237, 17.750598957053995], [83.20258374269196, 17.75240445808223], [83.20066433930425, 17.752775913469883], [83.199323327837, 17.751341888541237], [83.19990169217037, 17.74953640814486], [83.20182106510906, 17.749164932044987], [83.20316210416237, 17.750598957053995]]]}}, {"type": "Feature", "properties": {"h3": "893c9303517ffff", "population": 0, "elderly_frac": 0.1, "hand_min_m": 0.0, "hand_deciles": [0.0, 0.58, 0.79, 1.11, 1.34, 1.58, 1.78, 2.0, 2.19, 2.67, 3.76], "cells": 128}, "geometry": {"type": "Polygon", "coordinates": [[[83.206422619418, 17.751661473126603], [83.20584426081481, 17.75346699478199], [83.20392480722745, 17.75383847690641], [83.20258374269196, 17.75240445808223], [83.20316210416237, 17.750598957053995], [83.20508152730208, 17.75022745422253], [83.206422619418, 17.751661473126603]]]}}, {"type": "Feature", "properties": {"h3": "893c930351bffff", "population": 0, "elderly_frac": 0.1, "hand_min_m": 5.65, "hand_deciles": [5.65, 6.25, 6.81, 7.42, 7.86, 8.06, 8.47, 8.88, 9.4, 9.8, 11.04], "cells": 85}, "geometry": {"type": "Polygon", "coordinates": [[[83.20239942161324, 17.747359404127568], [83.20182106510906, 17.749164932044987], [83.19990169217037, 17.74953640814486], [83.19856070618566, 17.748102377040095], [83.19913906555176, 17.746296869758066], [83.20105840804167, 17.74592537294513], [83.20239942161324, 17.747359404127568]]]}}, {"type": "Feature", "properties": {"h3": "893c9303523ffff", "population": 0, "elderly_frac": 0.1, "hand_min_m": 1.97, "hand_deciles": [1.97, 3.15, 4.08, 4.71, 5.29, 5.82, 6.32, 6.87, 7.62, 8.73, 10.36], "cells": 126}, "geometry": {"type": "Polygon", "coordinates": [[[83.21467899261593, 17.748369569195656], [83.21410065256384, 17.750175206500348], [83.2121811093254, 17.750546810245737], [83.21083993658291, 17.749112797379425], [83.21141827951273, 17.747307180694808], [83.21333779230832, 17.74693555625615], [83.21467899261593, 17.748369569195656]]]}}, {"type": "Feature", "properties": {"h3": "893c9303527ffff", "population": 0, "elderly_frac": 0.1, "hand_min_m": 6.3, "hand_deciles": [6.3, 8.79, 9.76, 10.68, 11.52, 12.27, 13.27, 14.3, 15.44, 17.03, 21.87], "cells": 125}, "geometry": {"type": "Polygon", "coordinates": [[[83.21793980892147, 17.74943192483324], [83.21736147175137, 17.751237582753284], [83.21544187835133, 17.751609213242926], [83.21410065256384, 17.750175206500348], [83.21467899261593, 17.748369569195656], [83.21659855557454, 17.74799791801792], [83.21793980892147, 17.74943192483324]]]}}, {"type": "Feature", "properties": {"h3": "893c930352bffff", "population": 0, "elderly_frac": 0.1, "hand_min_m": 0.0, "hand_deciles": [0.0, 0.0, 0.56, 0.78, 1.02, 1.24, 1.45, 1.8, 2.04, 2.64, 3.83], "cells": 125}, "geometry": {"type": "Polygon", "coordinates": [[[83.21391612739805, 17.745129892069173], [83.21333779230832, 17.74693555625615], [83.21141827951273, 17.747307180694808], [83.21007713225048, 17.745873161640326], [83.21065547021692, 17.744067518076957], [83.21257495256992, 17.74369587294418], [83.21391612739805, 17.745129892069173]]]}}, {"type": "Feature", "properties": {"h3": "893c930352fffff", "population": 0, "elderly_frac": 0.1, "hand_min_m": 1.08, "hand_deciles": [1.08, 2.1, 2.71, 3.41, 3.75, 4.29, 4.85, 5.64, 6.58, 7.47, 9.61], "cells": 127}, "geometry": {"type": "Polygon", "coordinates": [[[83.21717688778332, 17.746192233212014], [83.21659855557454, 17.74799791801792], [83.21467899261593, 17.748369569195656], [83.21333779230832, 17.74693555625615], [83.21391612739805, 17.745129892069173], [83.21583565991547, 17.744758220202485], [83.21717688778332, 17.746192233212014]]]}}, {"type": "Feature", "properties": {"h3": "893c9303533ffff", "population": 0, "elderly_frac": 0.1, "hand_min_m": 0.0, "hand_deciles": [0.0, 0.0, 0.64, 0.94, 1.22, 1.5, 2.0, 2.49, 3.83, 6.18, 9.16], "cells": 126}, "geometry": {"type": "Polygon", "coordinates": [[[83.2121811093254, 17.750546810245737], [83.21160276143232, 17.752352400041058], [83.20968323792113, 17.75272395634909], [83.2083420927486, 17.751289943559097], [83.20892044351626, 17.749484374385023], [83.21083993658291, 17.749112797379425], [83.2121811093254, 17.750546810245737]]]}}, {"type": "Feature", "properties": {"h3": "893c9303537ffff", "population": 0, "elderly_frac": 0.1, "hand_min_m": 2.47, "hand_deciles": [2.47, 5.3, 6.98, 8.27, 9.94, 10.52, 11.29, 12.1, 13.21, 15.34, 18.67], "cells": 124}, "geometry": {"type": "Polygon", "coordinates": [[[83.21544187835133, 17.751609213242926], [83.21486353333704, 17.75341482365479], [83.21294395965545, 17.753786406707782], [83.21160276143232, 17.752352400041058], [83.2121811093254, 17.750546810245737], [83.21410065256384, 17.750175206500348], [83.21544187835133, 17.751609213242926]]]}}, {"type": "Feature", "properties": {"h3": "893c930353bffff", "population": 0, "elderly_frac": 0.1, "hand_min_m": 0.0, "hand_deciles": [0.0, 0.0, 0.0, 0.42, 0.54, 0.76, 1.04, 1.42, 3.22, 4.38, 5.5], "cells": 125}, "geometry": {"type": "Polygon", "coordinates": [[[83.21141827951273, 17.747307180694808], [83.21083993658291, 17.749112797379425], [83.20892044351626, 17.749484374385023], [83.20757932382475, 17.748050355404175], [83.20815766962811, 17.74624475934435], [83.21007713225048, 17.745873161640326], [83.21141827951273, 17.747307180694808]]]}}, {"type": "Feature", "properties": {"h3": "893c9303543ffff", "population": 0, "elderly_frac": 0.1, "hand_min_m": 8.44, "hand_deciles": [8.44, 8.99, 9.29, 9.56, 10.09, 11.0, 11.53, 11.89, 12.14, 12.56, 12.93], "cells": 20}, "geometry": {"type": "Polygon", "coordinates": [[[83.20087411806054, 17.740880199140395], [83.20029577148928, 17.74268578080459], [83.19837645944787, 17.74305729833147], [83.19703552442701, 17.741623254908696], [83.19761387385813, 17.739817693886994], [83.19953315545129, 17.739446155645318], [83.20087411806054, 17.740880199140395]]]}}, {"type": "Feature", "properties": {"h3": "893c9303547ffff", "population": 0, "elderly_frac": 0.1, "hand_min_m": 7.11, "hand_deciles": [7.11, 7.77, 8.28, 8.83, 9.28, 9.76, 10.12, 10.62, 11.02, 11.51, 12.54], "cells": 126}, "geometry": {"type": "Polygon", "coordinates": [[[83.20413446553195, 17.74194267159894], [83.20355612182475, 17.74374827390091], [83.20163675957947, 17.744119818149052], [83.20029577148928, 17.74268578080459], [83.20087411806054, 17.740880199140395], [83.20279344985899, 17.740508634182618], [83.20413446553195, 17.74194267159894]]]}}, {"type": "Feature", "properties": {"h3": "893c930354fffff", "population": 0, "elderly_frac": 0.1, "hand_min_m": 3.08, "hand_deciles": [3.08, 4.14, 4.74, 5.44, 5.91, 6.33, 6.72, 7.18, 7.71, 8.34, 10.06], "cells": 119}, "geometry": {"type": "Polygon", "coordinates": [[[83.20337178860058, 17.738703005019534], [83.20279344985899, 17.740508634182618], [83.20087411806054, 17.740880199140395], [83.19953315545129, 17.739446155645318], [83.20011149705589, 17.73764054712355], [83.20203079840776, 17.737268961455264], [83.20337178860058, 17.738703005019534]]]}}, {"type": "Feature", "properties": {"h3": "893c9303557ffff", "population": 0, "elderly_frac": 0.1, "hand_min_m": 8.35, "hand_deciles": [8.35, 9.36, 10.0, 11.74, 12.11, 12.52, 12.66, 12.92, 13.16, 13.37, 14.32], "cells": 50}, "geometry": {"type": "Polygon", "coordinates": [[[83.20163675957947, 17.744119818149052], [83.20105840804167, 17.74592537294513], [83.19913906555176, 17.746296869758066], [83.19779810504919, 17.7448628324886], [83.19837645944787, 17.74305729833147], [83.20029577148928, 17.74268578080459], [83.20163675957947, 17.744119818149052]]]}}, {"type": "Feature", "properties": {"h3": "893c9303563ffff", "population": 0, "elderly_frac": 0.1, "hand_min_m": 0.73, "hand_deciles": [0.73, 1.49, 1.78, 2.14, 2.41, 2.64, 3.03, 3.3, 3.59, 3.92, 4.96], "cells": 125}, "geometry": {"type": "Polygon", "coordinates": [[[83.20989268143741, 17.740827822414094], [83.20931434843452, 17.74263349284569], [83.20739491625615, 17.743005111249005], [83.20605384752547, 17.741571079920632], [83.2066321833998, 17.73976543012092], [83.20855158513443, 17.739393791017438], [83.20989268143741, 17.740827822414094]]]}}, {"type": "Feature", "properties": {"h3": "893c9303567ffff", "population": 0, "elderly_frac": 0.1, "hand_min_m": 0.0, "hand_deciles": [0.0, 0.12, 0.37, 0.54, 0.76, 0.84, 0.96, 1.15, 1.27, 1.63, 2.14], "cells": 127}, "geometry": {"type": "Polygon", "coordinates": [[[83.21315328269715, 17.74189018188542], [83.21257495256992, 17.74369587294418], [83.21065547021692, 17.744067518076957], [83.20931434843452, 17.74263349284569], [83.20989268143741, 17.740827822414094], [83.21181213334806, 17.740456156586326], [83.21315328269715, 17.74189018188542]]]}}, {"type": "Feature", "properties": {"h3": "893c930356bffff", "population": 0, "elderly_frac": 0.1, "hand_min_m": 0.0, "hand_deciles": [0.0, 0.0, 0.0, 0.0, 0.0, 0.0, 0.17, 0.41, 0.95, 1.52, 2.52], "cells": 127}, "geometry": {"type": "Polygon", "coordinates": [[[83.20912991317363, 17.73758809372817], [83.20855158513443, 17.739393791017438], [83.2066321833998, 17.73976543012092], [83.20529114014892, 17.738331392635875], [83.20586947105853, 17.736525715982044], [83.20778884234966, 17.736154056177543], [83.20912991317363, 17.73758809372817]]]}}, {"type": "Feature", "properties": {"h3": "893c930356fffff", "population": 0, "elderly_frac": 0.1, "hand_min_m": 0.0, "hand_deciles": [0.0, 0.0, 0.0, 0.0, 0.0, 0.08, 0.27, 0.38, 0.66, 1.05, 1.6], "cells": 128}, "geometry": {"type": "Polygon", "coordinates": [[[83.21239045851264, 17.73865043866634], [83.21181213334806, 17.740456156586326], [83.20989268143741, 17.740827822414094], [83.20855158513443, 17.739393791017438], [83.20912991317363, 17.73758809372817], [83.21104933464221, 17.737216407204556], [83.21239045851264, 17.73865043866634]]]}}, {"type": "Feature", "properties": {"h3": "893c9303573ffff", "population": 0, "elderly_frac": 0.1, "hand_min_m": 1.14, "hand_deciles": [1.14, 3.27, 4.16, 4.82, 5.12, 5.53, 6.06, 6.31, 6.94, 7.43, 8.54], "cells": 125}, "geometry": {"type": "Polygon", "coordinates": [[[83.20739491625615, 17.743005111249005], [83.20681657541722, 17.74481073418403], [83.20489716297828, 17.745182305157886], [83.20355612182475, 17.74374827390091], [83.20413446553195, 17.74194267159894], [83.20605384752547, 17.741571079920632], [83.20739491625615, 17.743005111249005]]]}}, {"type": "Feature", "properties": {"h3": "893c9303577ffff", "population": 0, "elderly_frac": 0.1, "hand_min_m": 0.0, "hand_deciles": [0.0, 0.15, 0.67, 0.91, 1.5, 1.91, 2.41, 2.73, 3.4, 3.75, 4.81], "cells": 123}, "geometry": {"type": "Polygon", "coordinates": [[[83.21065547021692, 17.744067518076957], [83.21007713225048, 17.745873161640326], [83.20815766962811, 17.74624475934435], [83.20681657541722, 17.74481073418403], [83.20739491625615, 17.743005111249005], [83.20931434843452, 17.74263349284569], [83.21065547021692, 17.744067518076957]]]}}, {"type": "Feature", "properties": {"h3": "893c930357bffff", "population": 0, "elderly_frac": 0.1, "hand_min_m": 1.47, "hand_deciles": [1.47, 2.66, 3.24, 3.58, 4.15, 4.49, 5.08, 5.42, 5.85, 6.6, 7.05], "cells": 126}, "geometry": {"type": "Polygon", "coordinates": [[[83.2066321833998, 17.73976543012092], [83.20605384752547, 17.741571079920632], [83.20413446553195, 17.74194267159894], [83.20279344985899, 17.740508634182618], [83.20337178860058, 17.738703005019534], [83.20529114014892, 17.738331392635875], [83.2066321833998, 17.73976543012092]]]}}, {"type": "Feature", "properties": {"h3": "893c9303583ffff", "population": 0, "elderly_frac": 0.1, "hand_min_m": 3.23, "hand_deciles": [3.23, 3.67, 3.81, 4.16, 4.34, 4.5, 4.7, 4.89, 5.03, 5.32, 5.57], "cells": 37}, "geometry": {"type": "Polygon", "coordinates": [[[83.20142700695395, 17.75601538571124], [83.20084863268649, 17.757820812304765], [83.19892921860693, 17.758192199527933], [83.19758820924687, 17.756758180872982], [83.19816658637518, 17.754952774908933], [83.20008597000376, 17.754581366970104], [83.20142700695395, 17.75601538571124]]]}}, {"type": "Feature", "properties": {"h3": "893c9303587ffff", "population": 0, "elderly_frac": 0.1, "hand_min_m": 0.12, "hand_deciles": [0.12, 0.77, 0.95, 1.24, 1.55, 1.75, 2.09, 2.48, 2.91, 3.42, 4.35], "cells": 101}, "geometry": {"type": "Polygon", "coordinates": [[[83.20468753080904, 17.757077963662898], [83.20410915940661, 17.758883410881158], [83.20218969512005, 17.759254824847], [83.20084863268649, 17.757820812304765], [83.20142700695395, 17.75601538571124], [83.20334644079098, 17.755643951034926], [83.20468753080904, 17.757077963662898]]]}}, {"type": "Feature", "properties": {"h3": "893c930358bffff", "population": 0, "elderly_frac": 0.1, "hand_min_m": 5.43, "hand_deciles": [5.43, 5.52, 5.75, 5.86, 5.96, 6.11, 6.3, 6.64, 6.83, 6.89, 7.07], "cells": 12}, "geometry": {"type": "Polygon", "coordinates": [[[83.20066433930425, 17.752775913469883], [83.20008597000376, 17.754581366970104], [83.19816658637518, 17.754952774908933], [83.19682560249883, 17.753518750063787], [83.19740397465914, 17.751713317196582], [83.199323327837, 17.751341888541237], [83.20066433930425, 17.752775913469883]]]}}, {"type": "Feature", "properties": {"h3": "893c930358fffff", "population": 0, "elderly_frac": 0.1, "hand_min_m": 1.2, "hand_deciles": [1.2, 1.81, 2.42, 2.79, 3.1, 3.33, 3.62, 3.99, 4.54, 4.96, 6.46], "cells": 127}, "geometry": {"type": "Polygon", "coordinates": [[[83.20392480722745, 17.75383847690641], [83.20334644079098, 17.755643951034926], [83.20142700695395, 17.75601538571124], [83.20008597000376, 17.754581366970104], [83.20066433930425, 17.752775913469883], [83.20258374269196, 17.75240445808223], [83.20392480722745, 17.75383847690641]]]}}, {"type": "Feature", "properties": {"h3": "893c93035a3ffff", "population": 0, "elderly_frac": 0.1, "hand_min_m": 0.0, "hand_deciles": [0.0, 0.63, 0.93, 1.31, 1.59, 2.06, 2.5, 2.89, 3.33, 4.15, 5.73], "cells": 127}, "geometry": {"type": "Polygon", "coordinates": [[[83.21044605284328, 17.755963505214613], [83.20986769214748, 17.757769020585595], [83.20794815792422, 17.758140508750245], [83.2066070148443, 17.756706502244647], [83.20718537841255, 17.754901007492535], [83.20910488218932, 17.754529498626884], [83.21044605284328, 17.755963505214613]]]}}, {"type": "Feature", "properties": {"h3": "893c93035a7ffff", "population": 0, "elderly_frac": 0.1, "hand_min_m": 4.8, "hand_deciles": [4.8, 6.26, 7.31, 8.25, 9.09, 9.68, 10.66, 11.79, 12.91, 13.96, 16.5], "cells": 127}, "geometry": {"type": "Polygon", "coordinates": [[[83.21370683050348, 17.757025970059036], [83.21312847268435, 17.758831506044167], [83.21120888828331, 17.759203020959664], [83.20986769214748, 17.757769020585595], [83.21044605284328, 17.755963505214613], [83.21236560679928, 17.755591969603284], [83.21370683050348, 17.757025970059036]]]}}, {"type": "Feature", "properties": {"h3": "893c93035abffff", "population": 0, "elderly_frac": 0.1, "hand_min_m": 0.0, "hand_deciles": [0.0, 0.0, 0.32, 0.56, 0.76, 0.83, 1.1, 1.33, 1.67, 2.02, 3.29], "cells": 127}, "geometry": {"type": "Polygon", "coordinates": [[[83.20968323792113, 17.75272395634909], [83.20910488218932, 17.754529498626884], [83.20718537841255, 17.754901007492535], [83.20584426081481, 17.75346699478199], [83.206422619418, 17.751661473126603], [83.2083420927486, 17.751289943559097], [83.20968323792113, 17.75272395634909]]]}}, {"type": "Feature", "properties": {"h3": "893c93035afffff", "population": 0, "elderly_frac": 0.1, "hand_min_m": 0.0, "hand_deciles": [0.0, 2.06, 2.87, 3.49, 4.04, 4.64, 5.07, 5.54, 6.53, 6.94, 8.12], "cells": 126}, "geometry": {"type": "Polygon", "coordinates": [[[83.21294395965545, 17.753786406707782], [83.21236560679928, 17.755591969603284], [83.21044605284328, 17.755963505214613], [83.20910488218932, 17.754529498626884], [83.20968323792113, 17.75272395634909], [83.21160276143232, 17.752352400041058], [83.21294395965545, 17.753786406707782]]]}}, {"type": "Feature", "properties": {"h3": "893c93035b3ffff", "population": 0, "elderly_frac": 0.1, "hand_min_m": 0.01, "hand_deciles": [0.01, 0.12, 0.13, 0.31, 0.52, 0.66, 0.81, 0.98, 1.06, 1.26, 2.97], "cells": 82}, "geometry": {"type": "Polygon", "coordinates": [[[83.20794815792422, 17.758140508750245], [83.20736978939108, 17.759945976588543], [83.20545027490768, 17.760317417301497], [83.20410915940661, 17.758883410881158], [83.20468753080904, 17.757077963662898], [83.2066070148443, 17.756706502244647], [83.20794815792422, 17.758140508750245]]]}}, {"type": "Feature", "properties": {"h3": "893c93035b7ffff", "population": 0, "elderly_frac": 0.1, "hand_min_m": 1.63, "hand_deciles": [1.63, 2.26, 2.96, 3.62, 4.06, 4.66, 5.04, 5.58, 6.47, 7.8, 9.1], "cells": 56}, "geometry": {"type": "Polygon", "coordinates": [[[83.21120888828331, 17.759203020959664], [83.21063052262365, 17.7610085094133], [83.20871095795364, 17.76137997687781], [83.20736978939108, 17.759945976588543], [83.20794815792422, 17.758140508750245], [83.20986769214748, 17.757769020585595], [83.21120888828331, 17.759203020959664]]]}}, {"type": "Feature", "properties": {"h3": "893c93035bbffff", "population": 0, "elderly_frac": 0.1, "hand_min_m": 0.0, "hand_deciles": [0.0, 0.0, 0.0, 0.11, 0.32, 0.4, 0.55, 0.72, 0.93, 1.31, 2.18], "cells": 126}, "geometry": {"type": "Polygon", "coordinates": [[[83.20718537841255, 17.754901007492535], [83.2066070148443, 17.756706502244647], [83.20468753080904, 17.757077963662898], [83.20334644079098, 17.755643951034926], [83.20392480722745, 17.75383847690641], [83.20584426081481, 17.75346699478199], [83.20718537841255, 17.754901007492535]]]}}]}